<?xml version="1.0" encoding="UTF-8"?>
<metadata xml:lang="en"><Esri><CreaDate>20200824</CreaDate><CreaTime>09394000</CreaTime><ArcGISFormat>1.0</ArcGISFormat><SyncOnce>FALSE</SyncOnce><DataProperties><lineage><Process ToolSource="c:\program files (x86)\arcgis\desktop10.6\ArcToolbox\Toolboxes\Data Management Tools.tbx\Project" Date="20190621" Time="161807">Project 2_5m_interpstrucl15 D:\Dropbox\UWA\Data\GIS\SHP\2_5m_interpstrucl15\2_5m_interpstrucl15_GDAMGA51.shp PROJCS['GDA_1994_MGA_Zone_51',GEOGCS['GCS_GDA_1994',DATUM['D_GDA_1994',SPHEROID['GRS_1980',6378137.0,298.257222101]],PRIMEM['Greenwich',0.0],UNIT['Degree',0.0174532925199433]],PROJECTION['Transverse_Mercator'],PARAMETER['False_Easting',500000.0],PARAMETER['False_Northing',10000000.0],PARAMETER['Central_Meridian',123.0],PARAMETER['Scale_Factor',0.9996],PARAMETER['Latitude_Of_Origin',0.0],UNIT['Meter',1.0]] # GEOGCS['GCS_GDA_1994',DATUM['D_GDA_1994',SPHEROID['GRS_1980',6378137.0,298.257222101]],PRIMEM['Greenwich',0.0],UNIT['Degree',0.0174532925199433]] NO_PRESERVE_SHAPE # NO_VERTICAL</Process><Process ToolSource="c:\program files (x86)\arcgis\desktop10.6\ArcToolbox\Toolboxes\Analysis Tools.tbx\Clip" Date="20200820" Time="162215">Clip 2_5m_interpstrucl15_GDAMGA51 Outline_Paterson_area_MGA50 D:\Phyton_test_codes\map2loop\source_data\Paterson\tmp\Linear_Structures_Paterson_Area.shp #</Process><Process ToolSource="c:\program files (x86)\arcgis\desktop10.6\ArcToolbox\Toolboxes\Data Management Tools.tbx\CalculateField" Date="20200821" Time="113056">CalculateField NEW_LOCAL_FILES_PATERSON\2_5m_Linear_Structures_Paterson_Area DIPEST "unknown" VB #</Process><Process ToolSource="c:\program files (x86)\arcgis\desktop10.6\ArcToolbox\Toolboxes\Data Management Tools.tbx\CalculateField" Date="20200821" Time="115738">CalculateField NEW_LOCAL_FILES_PATERSON\2_5m_Linear_Structures_Paterson_Area OBJECTID autoIncrement() PYTHON_9.3 "rec=0 \ndef autoIncrement(): \n global rec \n pStart = 1  \n pInterval = 1 \n if (rec == 0):  \n  rec = pStart  \n else:  \n  rec += pInterval  \n return rec\n"</Process><Process ToolSource="c:\program files (x86)\arcgis\desktop10.6\ArcToolbox\Toolboxes\Data Management Tools.tbx\CalculateField" Date="20200821" Time="115810">CalculateField NEW_LOCAL_FILES_PATERSON\2_5m_Linear_Structures_Paterson_Area OBJECTID autoIncrement() PYTHON_9.3 "rec=0 \ndef autoIncrement(): \n global rec \n pStart = 1  \n pInterval = 1 \n if (rec == 0):  \n  rec = pStart  \n else:  \n  rec += pInterval  \n return rec\n"</Process><Process ToolSource="c:\program files (x86)\arcgis\desktop10.6\ArcToolbox\Toolboxes\Data Management Tools.tbx\CalculateField" Date="20200824" Time="095715">CalculateField NEW_LOCAL_FILES_PATERSON\2_5m_Linear_Structures_Paterson_Area_Clean OBJECTID autoIncrement() PYTHON_9.3 "rec=0 \ndef autoIncrement(): \n global rec \n pStart = 1  \n pInterval = 1 \n if (rec == 0):  \n  rec = pStart  \n else:  \n  rec += pInterval  \n return rec\n"</Process><Process ToolSource="c:\program files (x86)\arcgis\desktop10.6\ArcToolbox\Toolboxes\Data Management Tools.tbx\Merge" Date="20200824" Time="121216">Merge NEW_LOCAL_FILES_PATERSON\2_5m_Linear_Structures_Paterson_Area_Clean;2_5m_interpstrucl15_GDAMGA51 D:\Phyton_test_codes\map2loop\source_data\Paterson\tmp\2_5m_MGA51_Linear_Structures_Paterson_Area_Clean.shp "FEATURE "FEATURE" true true false 150 Text 0 0 ,First,#,NEW_LOCAL_FILES_PATERSON\2_5m_Linear_Structures_Paterson_Area_Clean,FEATURE,-1,-1,2_5m_interpstrucl15_GDAMGA51,FEATURE,-1,-1;TYPE "TYPE" true true false 150 Text 0 0 ,First,#,NEW_LOCAL_FILES_PATERSON\2_5m_Linear_Structures_Paterson_Area_Clean,TYPE,-1,-1,2_5m_interpstrucl15_GDAMGA51,TYPE,-1,-1;NAME "NAME" true true false 50 Text 0 0 ,First,#,NEW_LOCAL_FILES_PATERSON\2_5m_Linear_Structures_Paterson_Area_Clean,NAME,-1,-1,2_5m_interpstrucl15_GDAMGA51,NAME,-1,-1;SYMBOL "SYMBOL" true true false 254 Text 0 0 ,First,#,NEW_LOCAL_FILES_PATERSON\2_5m_Linear_Structures_Paterson_Area_Clean,SYMBOL,-1,-1,2_5m_interpstrucl15_GDAMGA51,SYMBOL,-1,-1;DIP "DIP" true true false 5 Long 0 5 ,First,#,NEW_LOCAL_FILES_PATERSON\2_5m_Linear_Structures_Paterson_Area_Clean,DIP,-1,-1,2_5m_interpstrucl15_GDAMGA51,DIP,-1,-1;PLUNGE "PLUNGE" true true false 5 Long 0 5 ,First,#,NEW_LOCAL_FILES_PATERSON\2_5m_Linear_Structures_Paterson_Area_Clean,PLUNGE,-1,-1,2_5m_interpstrucl15_GDAMGA51,PLUNGE,-1,-1;DIPDIR "DIPDIR" true true false 5 Long 0 5 ,First,#,NEW_LOCAL_FILES_PATERSON\2_5m_Linear_Structures_Paterson_Area_Clean,DIPDIR,-1,-1;DIPEST "DIPEST" true true false 50 Text 0 0 ,First,#,NEW_LOCAL_FILES_PATERSON\2_5m_Linear_Structures_Paterson_Area_Clean,DIPEST,-1,-1;OBJECTID "OBJECTID" true true false 5 Long 0 5 ,First,#,NEW_LOCAL_FILES_PATERSON\2_5m_Linear_Structures_Paterson_Area_Clean,OBJECTID,-1,-1"</Process></lineage><itemProps><itemName Sync="TRUE">2_5m_MGA51_Linear_Structures_Paterson_Area_Clean</itemName><imsContentType Sync="TRUE">002</imsContentType><itemSize Sync="TRUE">0.000</itemSize><itemLocation><linkage Sync="TRUE">file://\\SCI-45689\D$\Phyton_test_codes\map2loop\source_data\Paterson\tmp\2_5m_MGA51_Linear_Structures_Paterson_Area_Clean.shp</linkage><protocol Sync="TRUE">Local Area Network</protocol></itemLocation></itemProps><coordRef><type Sync="TRUE">Projected</type><geogcsn Sync="TRUE">GCS_GDA_1994</geogcsn><csUnits Sync="TRUE">Linear Unit: Meter (1.000000)</csUnits><projcsn Sync="TRUE">GDA_1994_MGA_Zone_51</projcsn><peXml Sync="TRUE">&lt;ProjectedCoordinateSystem xsi:type='typens:ProjectedCoordinateSystem' xmlns:xsi='http://www.w3.org/2001/XMLSchema-instance' xmlns:xs='http://www.w3.org/2001/XMLSchema' xmlns:typens='http://www.esri.com/schemas/ArcGIS/10.6'&gt;&lt;WKT&gt;PROJCS[&amp;quot;GDA_1994_MGA_Zone_51&amp;quot;,GEOGCS[&amp;quot;GCS_GDA_1994&amp;quot;,DATUM[&amp;quot;D_GDA_1994&amp;quot;,SPHEROID[&amp;quot;GRS_1980&amp;quot;,6378137.0,298.257222101]],PRIMEM[&amp;quot;Greenwich&amp;quot;,0.0],UNIT[&amp;quot;Degree&amp;quot;,0.0174532925199433]],PROJECTION[&amp;quot;Transverse_Mercator&amp;quot;],PARAMETER[&amp;quot;False_Easting&amp;quot;,500000.0],PARAMETER[&amp;quot;False_Northing&amp;quot;,10000000.0],PARAMETER[&amp;quot;Central_Meridian&amp;quot;,123.0],PARAMETER[&amp;quot;Scale_Factor&amp;quot;,0.9996],PARAMETER[&amp;quot;Latitude_Of_Origin&amp;quot;,0.0],UNIT[&amp;quot;Meter&amp;quot;,1.0],AUTHORITY[&amp;quot;EPSG&amp;quot;,28351]]&lt;/WKT&gt;&lt;XOrigin&gt;-5120900&lt;/XOrigin&gt;&lt;YOrigin&gt;1900&lt;/YOrigin&gt;&lt;XYScale&gt;450445547.3910538&lt;/XYScale&gt;&lt;ZOrigin&gt;-100000&lt;/ZOrigin&gt;&lt;ZScale&gt;10000&lt;/ZScale&gt;&lt;MOrigin&gt;-100000&lt;/MOrigin&gt;&lt;MScale&gt;10000&lt;/MScale&gt;&lt;XYTolerance&gt;0.001&lt;/XYTolerance&gt;&lt;ZTolerance&gt;0.001&lt;/ZTolerance&gt;&lt;MTolerance&gt;0.001&lt;/MTolerance&gt;&lt;HighPrecision&gt;true&lt;/HighPrecision&gt;&lt;WKID&gt;28351&lt;/WKID&gt;&lt;LatestWKID&gt;28351&lt;/LatestWKID&gt;&lt;/ProjectedCoordinateSystem&gt;</peXml></coordRef><copyHistory><copy source="D:\Phyton_test_codes\map2loop\source_data\Paterson\tmp\2_5m_Linear_Structures_Paterson_Area" dest="\\SCI-45689\D$\Phyton_test_codes\map2loop\source_data\Paterson\tmp\2_5m_Linear_Structures_Paterson_AreaCopy" date="20200824" time="09394000"></copy></copyHistory></DataProperties><SyncDate>20200824</SyncDate><SyncTime>12120900</SyncTime><ModDate>20200824</ModDate><ModTime>12120900</ModTime></Esri><dataIdInfo><envirDesc Sync="TRUE"> Version 6.2 (Build 9200) ; Esri ArcGIS 10.6.1.9270</envirDesc><dataLang><languageCode value="eng" Sync="TRUE"></languageCode><countryCode value="AUS" Sync="TRUE"></countryCode></dataLang><idCitation><resTitle Sync="TRUE">2_5m_MGA51_Linear_Structures_Paterson_Area_Clean</resTitle><presForm><PresFormCd value="005" Sync="TRUE"></PresFormCd></presForm></idCitation><spatRpType><SpatRepTypCd value="001" Sync="TRUE"></SpatRepTypCd></spatRpType></dataIdInfo><mdLang><languageCode value="eng" Sync="TRUE"></languageCode><countryCode value="AUS" Sync="TRUE"></countryCode></mdLang><mdChar><CharSetCd value="004" Sync="TRUE"></CharSetCd></mdChar><distInfo><distFormat><formatName Sync="TRUE">Shapefile</formatName></distFormat><distTranOps><transSize Sync="TRUE">0.000</transSize></distTranOps></distInfo><mdHrLv><ScopeCd value="005" Sync="TRUE"></ScopeCd></mdHrLv><mdHrLvName Sync="TRUE">dataset</mdHrLvName><refSysInfo><RefSystem><refSysID><identCode code="28351" Sync="TRUE"></identCode><idCodeSpace Sync="TRUE">EPSG</idCodeSpace><idVersion Sync="TRUE">2.1(3.0.1)</idVersion></refSysID></RefSystem></refSysInfo><spatRepInfo><VectSpatRep><geometObjs Name="2_5m_MGA51_Linear_Structures_Paterson_Area_Clean"><geoObjTyp><GeoObjTypCd value="002" Sync="TRUE"></GeoObjTypCd></geoObjTyp><geoObjCnt Sync="TRUE">0</geoObjCnt></geometObjs><topLvl><TopoLevCd value="001" Sync="TRUE"></TopoLevCd></topLvl></VectSpatRep></spatRepInfo><spdoinfo><ptvctinf><esriterm Name="2_5m_MGA51_Linear_Structures_Paterson_Area_Clean"><efeatyp Sync="TRUE">Simple</efeatyp><efeageom code="3" Sync="TRUE"></efeageom><esritopo Sync="TRUE">FALSE</esritopo><efeacnt Sync="TRUE">0</efeacnt><spindex Sync="TRUE">FALSE</spindex><linrefer Sync="TRUE">FALSE</linrefer></esriterm></ptvctinf></spdoinfo><eainfo><detailed Name="2_5m_MGA51_Linear_Structures_Paterson_Area_Clean"><enttyp><enttypl Sync="TRUE">2_5m_MGA51_Linear_Structures_Paterson_Area_Clean</enttypl><enttypt Sync="TRUE">Feature Class</enttypt><enttypc Sync="TRUE">0</enttypc></enttyp><attr><attrlabl Sync="TRUE">FID</attrlabl><attalias Sync="TRUE">FID</attalias><attrtype Sync="TRUE">OID</attrtype><attwidth Sync="TRUE">4</attwidth><atprecis Sync="TRUE">0</atprecis><attscale Sync="TRUE">0</attscale><attrdef Sync="TRUE">Internal feature number.</attrdef><attrdefs Sync="TRUE">Esri</attrdefs><attrdomv><udom Sync="TRUE">Sequential unique whole numbers that are automatically generated.</udom></attrdomv></attr><attr><attrlabl Sync="TRUE">Shape</attrlabl><attalias Sync="TRUE">Shape</attalias><attrtype Sync="TRUE">Geometry</attrtype><attwidth Sync="TRUE">0</attwidth><atprecis Sync="TRUE">0</atprecis><attscale Sync="TRUE">0</attscale><attrdef Sync="TRUE">Feature geometry.</attrdef><attrdefs Sync="TRUE">Esri</attrdefs><attrdomv><udom Sync="TRUE">Coordinates defining the features.</udom></attrdomv></attr><attr><attrlabl Sync="TRUE">FEATURE</attrlabl><attalias Sync="TRUE">FEATURE</attalias><attrtype Sync="TRUE">String</attrtype><attwidth Sync="TRUE">150</attwidth><atprecis Sync="TRUE">0</atprecis><attscale Sync="TRUE">0</attscale></attr><attr><attrlabl Sync="TRUE">TYPE</attrlabl><attalias Sync="TRUE">TYPE</attalias><attrtype Sync="TRUE">String</attrtype><attwidth Sync="TRUE">150</attwidth><atprecis Sync="TRUE">0</atprecis><attscale Sync="TRUE">0</attscale></attr><attr><attrlabl Sync="TRUE">NAME</attrlabl><attalias Sync="TRUE">NAME</attalias><attrtype Sync="TRUE">String</attrtype><attwidth Sync="TRUE">50</attwidth><atprecis Sync="TRUE">0</atprecis><attscale Sync="TRUE">0</attscale></attr><attr><attrlabl Sync="TRUE">SYMBOL</attrlabl><attalias Sync="TRUE">SYMBOL</attalias><attrtype Sync="TRUE">String</attrtype><attwidth Sync="TRUE">254</attwidth><atprecis Sync="TRUE">0</atprecis><attscale Sync="TRUE">0</attscale></attr><attr><attrlabl Sync="TRUE">DIP</attrlabl><attalias Sync="TRUE">DIP</attalias><attrtype Sync="TRUE">Integer</attrtype><attwidth Sync="TRUE">5</attwidth><atprecis Sync="TRUE">5</atprecis><attscale Sync="TRUE">0</attscale></attr><attr><attrlabl Sync="TRUE">PLUNGE</attrlabl><attalias Sync="TRUE">PLUNGE</attalias><attrtype Sync="TRUE">Integer</attrtype><attwidth Sync="TRUE">5</attwidth><atprecis Sync="TRUE">5</atprecis><attscale Sync="TRUE">0</attscale></attr><attr><attrlabl Sync="TRUE">DIPDIR</attrlabl><attalias Sync="TRUE">DIPDIR</attalias><attrtype Sync="TRUE">Integer</attrtype><attwidth Sync="TRUE">5</attwidth><atprecis Sync="TRUE">5</atprecis><attscale Sync="TRUE">0</attscale></attr><attr><attrlabl Sync="TRUE">DIPEST</attrlabl><attalias Sync="TRUE">DIPEST</attalias><attrtype Sync="TRUE">String</attrtype><attwidth Sync="TRUE">50</attwidth><atprecis Sync="TRUE">0</atprecis><attscale Sync="TRUE">0</attscale></attr><attr><attrlabl Sync="TRUE">OBJECTID</attrlabl><attalias Sync="TRUE">OBJECTID</attalias><attrtype Sync="TRUE">Integer</attrtype><attwidth Sync="TRUE">5</attwidth><atprecis Sync="TRUE">5</atprecis><attscale Sync="TRUE">0</attscale></attr></detailed></eainfo><mdDateSt Sync="TRUE">20200824</mdDateSt></metadata>
