<?xml version="1.0" encoding="UTF-8"?>
<metadata xml:lang="en"><Esri><CreaDate>20200820</CreaDate><CreaTime>15441900</CreaTime><ArcGISFormat>1.0</ArcGISFormat><SyncOnce>FALSE</SyncOnce><DataProperties><lineage><Process ToolSource="c:\program files (x86)\arcgis\desktop10.6\ArcToolbox\Toolboxes\Data Management Tools.tbx\DefineProjection" Date="20200820" Time="152147">DefineProjection Warox_from-server PROJCS['GDA_1994_MGA_Zone_51',GEOGCS['GCS_GDA_1994',DATUM['D_GDA_1994',SPHEROID['GRS_1980',6378137.0,298.257222101]],PRIMEM['Greenwich',0.0],UNIT['Degree',0.0174532925199433]],PROJECTION['Transverse_Mercator'],PARAMETER['False_Easting',500000.0],PARAMETER['False_Northing',10000000.0],PARAMETER['Central_Meridian',123.0],PARAMETER['Scale_Factor',0.9996],PARAMETER['Latitude_Of_Origin',0.0],UNIT['Meter',1.0]]</Process><Process ToolSource="c:\program files (x86)\arcgis\desktop10.6\ArcToolbox\Toolboxes\Data Management Tools.tbx\DefineProjection" Date="20200820" Time="153124">DefineProjection Warox_from-server PROJCS['GDA_1994_MGA_Zone_50',GEOGCS['GCS_GDA_1994',DATUM['D_GDA_1994',SPHEROID['GRS_1980',6378137.0,298.257222101]],PRIMEM['Greenwich',0.0],UNIT['Degree',0.0174532925199433]],PROJECTION['Transverse_Mercator'],PARAMETER['False_Easting',500000.0],PARAMETER['False_Northing',10000000.0],PARAMETER['Central_Meridian',117.0],PARAMETER['Scale_Factor',0.9996],PARAMETER['Latitude_Of_Origin',0.0],UNIT['Meter',1.0]]</Process><Process ToolSource="c:\program files (x86)\arcgis\desktop10.6\ArcToolbox\Toolboxes\Data Management Tools.tbx\Project" Date="20200820" Time="154312">Project Warox_from-server "\\uniwa.uwa.edu.au\userhome\students2\22651152\My Documents\ArcGIS\Default.gdb\Warox_fromserver_Project51" PROJCS['GDA_1994_MGA_Zone_51',GEOGCS['GCS_GDA_1994',DATUM['D_GDA_1994',SPHEROID['GRS_1980',6378137.0,298.257222101]],PRIMEM['Greenwich',0.0],UNIT['Degree',0.0174532925199433]],PROJECTION['Transverse_Mercator'],PARAMETER['False_Easting',500000.0],PARAMETER['False_Northing',10000000.0],PARAMETER['Central_Meridian',123.0],PARAMETER['Scale_Factor',0.9996],PARAMETER['Latitude_Of_Origin',0.0],UNIT['Meter',1.0]] # PROJCS['GDA_1994_MGA_Zone_50',GEOGCS['GCS_GDA_1994',DATUM['D_GDA_1994',SPHEROID['GRS_1980',6378137.0,298.257222101]],PRIMEM['Greenwich',0.0],UNIT['Degree',0.0174532925199433]],PROJECTION['Transverse_Mercator'],PARAMETER['False_Easting',500000.0],PARAMETER['False_Northing',10000000.0],PARAMETER['Central_Meridian',117.0],PARAMETER['Scale_Factor',0.9996],PARAMETER['Latitude_Of_Origin',0.0],UNIT['Meter',1.0]] NO_PRESERVE_SHAPE # NO_VERTICAL</Process><Process ToolSource="c:\program files (x86)\arcgis\desktop10.6\ArcToolbox\Toolboxes\Data Management Tools.tbx\Merge" Date="20200820" Time="163629">Merge NEW_LOCAL_FILES_PATERSON\Warox_beddings_Paterson_Area;Warox_Bedding_Orientation_Paterson_prj D:\Phyton_test_codes\map2loop\source_data\Paterson\tmp\Warox_beddings_merged_Paterson_Area.shp "OBJECTID "OBJECTID" true true false 10 Long 0 10 ,First,#,NEW_LOCAL_FILES_PATERSON\Warox_beddings_Paterson_Area,OBJECTID,-1,-1;gml_id "gml_id" true true false 80 Text 0 0 ,First,#,NEW_LOCAL_FILES_PATERSON\Warox_beddings_Paterson_Area,gml_id,-1,-1;siteid "siteid" true true false 80 Text 0 0 ,First,#,NEW_LOCAL_FILES_PATERSON\Warox_beddings_Paterson_Area,siteid,-1,-1,Warox_Bedding_Orientation_Paterson_prj,SITEID,-1,-1;feature "feature" true true false 80 Text 0 0 ,First,#,NEW_LOCAL_FILES_PATERSON\Warox_beddings_Paterson_Area,feature,-1,-1,Warox_Bedding_Orientation_Paterson_prj,FEATURE,-1,-1;type "type" true true false 80 Text 0 0 ,First,#,NEW_LOCAL_FILES_PATERSON\Warox_beddings_Paterson_Area,type,-1,-1,Warox_Bedding_Orientation_Paterson_prj,TYPE,-1,-1;strike "strike" true true false 19 Double 0 0 ,First,#,NEW_LOCAL_FILES_PATERSON\Warox_beddings_Paterson_Area,strike,-1,-1,Warox_Bedding_Orientation_Paterson_prj,STRIKE,-1,-1;dip_dir "dip_dir" true true false 19 Double 0 0 ,First,#,NEW_LOCAL_FILES_PATERSON\Warox_beddings_Paterson_Area,dip_dir,-1,-1;dip "dip" true true false 19 Double 0 0 ,First,#,NEW_LOCAL_FILES_PATERSON\Warox_beddings_Paterson_Area,dip,-1,-1,Warox_Bedding_Orientation_Paterson_prj,DIP,-1,-1;plunge "plunge" true true false 19 Double 0 0 ,First,#,NEW_LOCAL_FILES_PATERSON\Warox_beddings_Paterson_Area,plunge,-1,-1;trend "trend" true true false 19 Double 0 0 ,First,#,NEW_LOCAL_FILES_PATERSON\Warox_beddings_Paterson_Area,trend,-1,-1;event "event" true true false 80 Text 0 0 ,First,#,NEW_LOCAL_FILES_PATERSON\Warox_beddings_Paterson_Area,event,-1,-1;structypei "structypei" true true false 80 Text 0 0 ,First,#,NEW_LOCAL_FILES_PATERSON\Warox_beddings_Paterson_Area,structypei,-1,-1,Warox_Bedding_Orientation_Paterson_prj,STRUCTYPEI,-1,-1;rot_angle "rot_angle" true true false 19 Double 0 0 ,First,#,NEW_LOCAL_FILES_PATERSON\Warox_beddings_Paterson_Area,rot_angle,-1,-1;jncode "jncode" true true false 92 Text 0 0 ,First,#,NEW_LOCAL_FILES_PATERSON\Warox_beddings_Paterson_Area,jncode,-1,-1;area "area" true true false 19 Double 0 0 ,First,#,NEW_LOCAL_FILES_PATERSON\Warox_beddings_Paterson_Area,area,-1,-1;perimeter "perimeter" true true false 19 Double 0 0 ,First,#,NEW_LOCAL_FILES_PATERSON\Warox_beddings_Paterson_Area,perimeter,-1,-1;geopnt_ "geopnt_" true true false 19 Double 0 0 ,First,#,NEW_LOCAL_FILES_PATERSON\Warox_beddings_Paterson_Area,geopnt_,-1,-1;geopnt_id "geopnt_id" true true false 19 Double 0 0 ,First,#,NEW_LOCAL_FILES_PATERSON\Warox_beddings_Paterson_Area,geopnt_id,-1,-1;rank "rank" true true false 19 Double 0 0 ,First,#,NEW_LOCAL_FILES_PATERSON\Warox_beddings_Paterson_Area,rank,-1,-1;vergence "vergence" true true false 80 Text 0 0 ,First,#,NEW_LOCAL_FILES_PATERSON\Warox_beddings_Paterson_Area,vergence,-1,-1;symbol "symbol" true true false 19 Double 0 0 ,First,#,NEW_LOCAL_FILES_PATERSON\Warox_beddings_Paterson_Area,symbol,-1,-1;style "style" true true false 80 Text 0 0 ,First,#,NEW_LOCAL_FILES_PATERSON\Warox_beddings_Paterson_Area,style,-1,-1;layer "layer" true true false 80 Text 0 0 ,First,#,NEW_LOCAL_FILES_PATERSON\Warox_beddings_Paterson_Area,layer,-1,-1;path "path" true true false 80 Text 0 0 ,First,#,NEW_LOCAL_FILES_PATERSON\Warox_beddings_Paterson_Area,path,-1,-1;DLAT "DLAT" true true false 17 Double 6 16 ,First,#,Warox_Bedding_Orientation_Paterson_prj,DLAT,-1,-1;DLONG "DLONG" true true false 17 Double 6 16 ,First,#,Warox_Bedding_Orientation_Paterson_prj,DLONG,-1,-1;EASTING "EASTING" true true false 15 Double 3 14 ,First,#,Warox_Bedding_Orientation_Paterson_prj,EASTING,-1,-1;NORTHING "NORTHING" true true false 15 Double 3 14 ,First,#,Warox_Bedding_Orientation_Paterson_prj,NORTHING,-1,-1;ZONE_ "ZONE_" true true false 4 Short 0 4 ,First,#,Warox_Bedding_Orientation_Paterson_prj,ZONE_,-1,-1"</Process><Process ToolSource="c:\program files (x86)\arcgis\desktop10.6\ArcToolbox\Toolboxes\Data Management Tools.tbx\CalculateField" Date="20200820" Time="164929">CalculateField NEW_LOCAL_FILES_PATERSON\Warox_beddings_merged_Paterson_Area structypei "BEVE" VB #</Process><Process ToolSource="c:\program files (x86)\arcgis\desktop10.6\ArcToolbox\Toolboxes\Data Management Tools.tbx\CalculateField" Date="20200820" Time="165022">CalculateField NEW_LOCAL_FILES_PATERSON\Warox_beddings_merged_Paterson_Area structypei "BEP1" VB #</Process><Process ToolSource="c:\program files (x86)\arcgis\desktop10.6\ArcToolbox\Toolboxes\Data Management Tools.tbx\CalculateField" Date="20200820" Time="165114">CalculateField NEW_LOCAL_FILES_PATERSON\Warox_beddings_merged_Paterson_Area structypei "BEHO" VB #</Process><Process ToolSource="c:\program files (x86)\arcgis\desktop10.6\ArcToolbox\Toolboxes\Data Management Tools.tbx\CalculateField" Date="20200820" Time="165156">CalculateField NEW_LOCAL_FILES_PATERSON\Warox_beddings_merged_Paterson_Area structypei "BEIN" VB #</Process><Process ToolSource="c:\program files (x86)\arcgis\desktop10.6\ArcToolbox\Toolboxes\Data Management Tools.tbx\CalculateField" Date="20200820" Time="165221">CalculateField NEW_LOCAL_FILES_PATERSON\Warox_beddings_merged_Paterson_Area structypei "BEIN" VB #</Process><Process ToolSource="c:\program files (x86)\arcgis\desktop10.6\ArcToolbox\Toolboxes\Data Management Tools.tbx\CalculateField" Date="20200820" Time="165238">CalculateField NEW_LOCAL_FILES_PATERSON\Warox_beddings_merged_Paterson_Area structypei "BEIN" VB #</Process><Process ToolSource="c:\program files (x86)\arcgis\desktop10.6\ArcToolbox\Toolboxes\Data Management Tools.tbx\CalculateField" Date="20200820" Time="165307">CalculateField NEW_LOCAL_FILES_PATERSON\Warox_beddings_merged_Paterson_Area structypei "BEIN" VB #</Process><Process ToolSource="c:\program files (x86)\arcgis\desktop10.6\ArcToolbox\Toolboxes\Data Management Tools.tbx\CalculateField" Date="20200820" Time="165342">CalculateField NEW_LOCAL_FILES_PATERSON\Warox_beddings_merged_Paterson_Area structypei "BEIN" VB #</Process><Process ToolSource="c:\program files (x86)\arcgis\desktop10.6\ArcToolbox\Toolboxes\Data Management Tools.tbx\CalculateField" Date="20200820" Time="165419">CalculateField NEW_LOCAL_FILES_PATERSON\Warox_beddings_merged_Paterson_Area structypei "BEOI" VB #</Process><Process ToolSource="c:\program files (x86)\arcgis\desktop10.6\ArcToolbox\Toolboxes\Data Management Tools.tbx\CalculateField" Date="20200820" Time="165448">CalculateField NEW_LOCAL_FILES_PATERSON\Warox_beddings_merged_Paterson_Area structypei "BEIN" VB #</Process><Process ToolSource="c:\program files (x86)\arcgis\desktop10.6\ArcToolbox\Toolboxes\Data Management Tools.tbx\CalculateField" Date="20200820" Time="165503">CalculateField NEW_LOCAL_FILES_PATERSON\Warox_beddings_merged_Paterson_Area structypei "BEIN" VB #</Process><Process ToolSource="c:\program files (x86)\arcgis\desktop10.6\ArcToolbox\Toolboxes\Data Management Tools.tbx\CalculateField" Date="20200820" Time="165651">CalculateField NEW_LOCAL_FILES_PATERSON\Warox_beddings_merged_Paterson_Area type "inclined" VB #</Process><Process ToolSource="c:\program files (x86)\arcgis\desktop10.6\ArcToolbox\Toolboxes\Data Management Tools.tbx\CalculateField" Date="20200820" Time="165707">CalculateField NEW_LOCAL_FILES_PATERSON\Warox_beddings_merged_Paterson_Area type "horizontal" VB #</Process><Process ToolSource="c:\program files (x86)\arcgis\desktop10.6\ArcToolbox\Toolboxes\Data Management Tools.tbx\CalculateField" Date="20200820" Time="165733">CalculateField NEW_LOCAL_FILES_PATERSON\Warox_beddings_merged_Paterson_Area type "way up" VB #</Process><Process ToolSource="c:\program files (x86)\arcgis\desktop10.6\ArcToolbox\Toolboxes\Analysis Tools.tbx\Clip" Date="20200821" Time="091935">Clip NEW_LOCAL_FILES_PATERSON\Warox_beddings_merged_Paterson_Area Outline_Paterson_area_MGA50 D:\Phyton_test_codes\map2loop\source_data\Paterson\tmp\Warox_beddings_merged_Paterson_Area_Clip.shp #</Process><Process ToolSource="c:\program files (x86)\arcgis\desktop10.6\ArcToolbox\Toolboxes\Data Management Tools.tbx\CalculateField" Date="20200821" Time="115856">CalculateField NEW_LOCAL_FILES_PATERSON\Warox_beddings_merged_Paterson_Area_Clip OBJECTID autoIncrement() PYTHON_9.3 "rec=0 \ndef autoIncrement(): \n global rec \n pStart = 1  \n pInterval = 1 \n if (rec == 0):  \n  rec = pStart  \n else:  \n  rec += pInterval  \n return rec\n"</Process></lineage><itemProps><itemLocation><linkage Sync="TRUE">file://\\SCI-45689\D$\Phyton_test_codes\map2loop\source_data\Paterson\tmp\Warox_beddings_merged_Paterson_Area_Clip.shp</linkage><protocol Sync="TRUE">Local Area Network</protocol></itemLocation><itemName Sync="TRUE">Warox_beddings_merged_Paterson_Area_Clip</itemName><imsContentType Sync="TRUE">002</imsContentType><itemSize Sync="TRUE">0.000</itemSize></itemProps><coordRef><type Sync="TRUE">Projected</type><geogcsn Sync="TRUE">GCS_GDA_1994</geogcsn><csUnits Sync="TRUE">Linear Unit: Meter (1.000000)</csUnits><projcsn Sync="TRUE">GDA_1994_MGA_Zone_51</projcsn><peXml Sync="TRUE">&lt;ProjectedCoordinateSystem xsi:type='typens:ProjectedCoordinateSystem' xmlns:xsi='http://www.w3.org/2001/XMLSchema-instance' xmlns:xs='http://www.w3.org/2001/XMLSchema' xmlns:typens='http://www.esri.com/schemas/ArcGIS/10.6'&gt;&lt;WKT&gt;PROJCS[&amp;quot;GDA_1994_MGA_Zone_51&amp;quot;,GEOGCS[&amp;quot;GCS_GDA_1994&amp;quot;,DATUM[&amp;quot;D_GDA_1994&amp;quot;,SPHEROID[&amp;quot;GRS_1980&amp;quot;,6378137.0,298.257222101]],PRIMEM[&amp;quot;Greenwich&amp;quot;,0.0],UNIT[&amp;quot;Degree&amp;quot;,0.0174532925199433]],PROJECTION[&amp;quot;Transverse_Mercator&amp;quot;],PARAMETER[&amp;quot;False_Easting&amp;quot;,500000.0],PARAMETER[&amp;quot;False_Northing&amp;quot;,10000000.0],PARAMETER[&amp;quot;Central_Meridian&amp;quot;,123.0],PARAMETER[&amp;quot;Scale_Factor&amp;quot;,0.9996],PARAMETER[&amp;quot;Latitude_Of_Origin&amp;quot;,0.0],UNIT[&amp;quot;Meter&amp;quot;,1.0],AUTHORITY[&amp;quot;EPSG&amp;quot;,28351]]&lt;/WKT&gt;&lt;XOrigin&gt;-5120900&lt;/XOrigin&gt;&lt;YOrigin&gt;1900&lt;/YOrigin&gt;&lt;XYScale&gt;450445547.3910538&lt;/XYScale&gt;&lt;ZOrigin&gt;-100000&lt;/ZOrigin&gt;&lt;ZScale&gt;10000&lt;/ZScale&gt;&lt;MOrigin&gt;-100000&lt;/MOrigin&gt;&lt;MScale&gt;10000&lt;/MScale&gt;&lt;XYTolerance&gt;0.001&lt;/XYTolerance&gt;&lt;ZTolerance&gt;0.001&lt;/ZTolerance&gt;&lt;MTolerance&gt;0.001&lt;/MTolerance&gt;&lt;HighPrecision&gt;true&lt;/HighPrecision&gt;&lt;WKID&gt;28351&lt;/WKID&gt;&lt;LatestWKID&gt;28351&lt;/LatestWKID&gt;&lt;/ProjectedCoordinateSystem&gt;</peXml></coordRef></DataProperties><SyncDate>20200821</SyncDate><SyncTime>09193300</SyncTime><ModDate>20200821</ModDate><ModTime>09193300</ModTime></Esri><dataIdInfo><envirDesc Sync="TRUE"> Version 6.2 (Build 9200) ; Esri ArcGIS 10.6.1.9270</envirDesc><dataLang><languageCode value="eng" Sync="TRUE"></languageCode><countryCode value="AUS" Sync="TRUE"></countryCode></dataLang><idCitation><resTitle Sync="TRUE">Warox_beddings_merged_Paterson_Area_Clip</resTitle><presForm><PresFormCd value="005" Sync="TRUE"></PresFormCd></presForm></idCitation><spatRpType><SpatRepTypCd value="001" Sync="TRUE"></SpatRepTypCd></spatRpType></dataIdInfo><mdLang><languageCode value="eng" Sync="TRUE"></languageCode><countryCode value="AUS" Sync="TRUE"></countryCode></mdLang><mdChar><CharSetCd value="004" Sync="TRUE"></CharSetCd></mdChar><distInfo><distFormat><formatName Sync="TRUE">Shapefile</formatName></distFormat><distTranOps><transSize Sync="TRUE">0.000</transSize></distTranOps></distInfo><mdHrLv><ScopeCd value="005" Sync="TRUE"></ScopeCd></mdHrLv><mdHrLvName Sync="TRUE">dataset</mdHrLvName><refSysInfo><RefSystem><refSysID><identCode code="28351" Sync="TRUE"></identCode><idCodeSpace Sync="TRUE">EPSG</idCodeSpace><idVersion Sync="TRUE">2.1(3.0.1)</idVersion></refSysID></RefSystem></refSysInfo><spatRepInfo><VectSpatRep><geometObjs Name="Warox_beddings_merged_Paterson_Area_Clip"><geoObjTyp><GeoObjTypCd value="004" Sync="TRUE"></GeoObjTypCd></geoObjTyp><geoObjCnt Sync="TRUE">0</geoObjCnt></geometObjs><topLvl><TopoLevCd value="001" Sync="TRUE"></TopoLevCd></topLvl></VectSpatRep></spatRepInfo><spdoinfo><ptvctinf><esriterm Name="Warox_beddings_merged_Paterson_Area_Clip"><efeatyp Sync="TRUE">Simple</efeatyp><efeageom code="1" Sync="TRUE"></efeageom><esritopo Sync="TRUE">FALSE</esritopo><efeacnt Sync="TRUE">0</efeacnt><spindex Sync="TRUE">TRUE</spindex><linrefer Sync="TRUE">FALSE</linrefer></esriterm></ptvctinf></spdoinfo><eainfo><detailed Name="Warox_beddings_merged_Paterson_Area_Clip"><enttyp><enttypl Sync="TRUE">Warox_beddings_merged_Paterson_Area_Clip</enttypl><enttypt Sync="TRUE">Feature Class</enttypt><enttypc Sync="TRUE">0</enttypc></enttyp><attr><attrlabl Sync="TRUE">FID</attrlabl><attalias Sync="TRUE">FID</attalias><attrtype Sync="TRUE">OID</attrtype><attwidth Sync="TRUE">4</attwidth><atprecis Sync="TRUE">0</atprecis><attscale Sync="TRUE">0</attscale><attrdef Sync="TRUE">Internal feature number.</attrdef><attrdefs Sync="TRUE">Esri</attrdefs><attrdomv><udom Sync="TRUE">Sequential unique whole numbers that are automatically generated.</udom></attrdomv></attr><attr><attrlabl Sync="TRUE">Shape</attrlabl><attalias Sync="TRUE">Shape</attalias><attrtype Sync="TRUE">Geometry</attrtype><attwidth Sync="TRUE">0</attwidth><atprecis Sync="TRUE">0</atprecis><attscale Sync="TRUE">0</attscale><attrdef Sync="TRUE">Feature geometry.</attrdef><attrdefs Sync="TRUE">Esri</attrdefs><attrdomv><udom Sync="TRUE">Coordinates defining the features.</udom></attrdomv></attr><attr><attrlabl Sync="TRUE">OBJECTID</attrlabl><attalias Sync="TRUE">OBJECTID</attalias><attrtype Sync="TRUE">Integer</attrtype><attwidth Sync="TRUE">10</attwidth><atprecis Sync="TRUE">10</atprecis><attscale Sync="TRUE">0</attscale></attr><attr><attrlabl Sync="TRUE">gml_id</attrlabl><attalias Sync="TRUE">gml_id</attalias><attrtype Sync="TRUE">String</attrtype><attwidth Sync="TRUE">80</attwidth><atprecis Sync="TRUE">0</atprecis><attscale Sync="TRUE">0</attscale></attr><attr><attrlabl Sync="TRUE">siteid</attrlabl><attalias Sync="TRUE">siteid</attalias><attrtype Sync="TRUE">String</attrtype><attwidth Sync="TRUE">80</attwidth><atprecis Sync="TRUE">0</atprecis><attscale Sync="TRUE">0</attscale></attr><attr><attrlabl Sync="TRUE">feature</attrlabl><attalias Sync="TRUE">feature</attalias><attrtype Sync="TRUE">String</attrtype><attwidth Sync="TRUE">80</attwidth><atprecis Sync="TRUE">0</atprecis><attscale Sync="TRUE">0</attscale></attr><attr><attrlabl Sync="TRUE">type</attrlabl><attalias Sync="TRUE">type</attalias><attrtype Sync="TRUE">String</attrtype><attwidth Sync="TRUE">80</attwidth><atprecis Sync="TRUE">0</atprecis><attscale Sync="TRUE">0</attscale></attr><attr><attrlabl Sync="TRUE">strike</attrlabl><attalias Sync="TRUE">strike</attalias><attrtype Sync="TRUE">Double</attrtype><attwidth Sync="TRUE">19</attwidth><atprecis Sync="TRUE">0</atprecis><attscale Sync="TRUE">0</attscale></attr><attr><attrlabl Sync="TRUE">dip_dir</attrlabl><attalias Sync="TRUE">dip_dir</attalias><attrtype Sync="TRUE">Double</attrtype><attwidth Sync="TRUE">19</attwidth><atprecis Sync="TRUE">0</atprecis><attscale Sync="TRUE">0</attscale></attr><attr><attrlabl Sync="TRUE">dip</attrlabl><attalias Sync="TRUE">dip</attalias><attrtype Sync="TRUE">Double</attrtype><attwidth Sync="TRUE">19</attwidth><atprecis Sync="TRUE">0</atprecis><attscale Sync="TRUE">0</attscale></attr><attr><attrlabl Sync="TRUE">plunge</attrlabl><attalias Sync="TRUE">plunge</attalias><attrtype Sync="TRUE">Double</attrtype><attwidth Sync="TRUE">19</attwidth><atprecis Sync="TRUE">0</atprecis><attscale Sync="TRUE">0</attscale></attr><attr><attrlabl Sync="TRUE">trend</attrlabl><attalias Sync="TRUE">trend</attalias><attrtype Sync="TRUE">Double</attrtype><attwidth Sync="TRUE">19</attwidth><atprecis Sync="TRUE">0</atprecis><attscale Sync="TRUE">0</attscale></attr><attr><attrlabl Sync="TRUE">event</attrlabl><attalias Sync="TRUE">event</attalias><attrtype Sync="TRUE">String</attrtype><attwidth Sync="TRUE">80</attwidth><atprecis Sync="TRUE">0</atprecis><attscale Sync="TRUE">0</attscale></attr><attr><attrlabl Sync="TRUE">structypei</attrlabl><attalias Sync="TRUE">structypei</attalias><attrtype Sync="TRUE">String</attrtype><attwidth Sync="TRUE">80</attwidth><atprecis Sync="TRUE">0</atprecis><attscale Sync="TRUE">0</attscale></attr><attr><attrlabl Sync="TRUE">rot_angle</attrlabl><attalias Sync="TRUE">rot_angle</attalias><attrtype Sync="TRUE">Double</attrtype><attwidth Sync="TRUE">19</attwidth><atprecis Sync="TRUE">0</atprecis><attscale Sync="TRUE">0</attscale></attr><attr><attrlabl Sync="TRUE">jncode</attrlabl><attalias Sync="TRUE">jncode</attalias><attrtype Sync="TRUE">String</attrtype><attwidth Sync="TRUE">92</attwidth><atprecis Sync="TRUE">0</atprecis><attscale Sync="TRUE">0</attscale></attr><attr><attrlabl Sync="TRUE">area</attrlabl><attalias Sync="TRUE">area</attalias><attrtype Sync="TRUE">Double</attrtype><attwidth Sync="TRUE">19</attwidth><atprecis Sync="TRUE">0</atprecis><attscale Sync="TRUE">0</attscale></attr><attr><attrlabl Sync="TRUE">perimeter</attrlabl><attalias Sync="TRUE">perimeter</attalias><attrtype Sync="TRUE">Double</attrtype><attwidth Sync="TRUE">19</attwidth><atprecis Sync="TRUE">0</atprecis><attscale Sync="TRUE">0</attscale></attr><attr><attrlabl Sync="TRUE">geopnt_</attrlabl><attalias Sync="TRUE">geopnt_</attalias><attrtype Sync="TRUE">Double</attrtype><attwidth Sync="TRUE">19</attwidth><atprecis Sync="TRUE">0</atprecis><attscale Sync="TRUE">0</attscale></attr><attr><attrlabl Sync="TRUE">geopnt_id</attrlabl><attalias Sync="TRUE">geopnt_id</attalias><attrtype Sync="TRUE">Double</attrtype><attwidth Sync="TRUE">19</attwidth><atprecis Sync="TRUE">0</atprecis><attscale Sync="TRUE">0</attscale></attr><attr><attrlabl Sync="TRUE">rank</attrlabl><attalias Sync="TRUE">rank</attalias><attrtype Sync="TRUE">Double</attrtype><attwidth Sync="TRUE">19</attwidth><atprecis Sync="TRUE">0</atprecis><attscale Sync="TRUE">0</attscale></attr><attr><attrlabl Sync="TRUE">vergence</attrlabl><attalias Sync="TRUE">vergence</attalias><attrtype Sync="TRUE">String</attrtype><attwidth Sync="TRUE">80</attwidth><atprecis Sync="TRUE">0</atprecis><attscale Sync="TRUE">0</attscale></attr><attr><attrlabl Sync="TRUE">symbol</attrlabl><attalias Sync="TRUE">symbol</attalias><attrtype Sync="TRUE">Double</attrtype><attwidth Sync="TRUE">19</attwidth><atprecis Sync="TRUE">0</atprecis><attscale Sync="TRUE">0</attscale></attr><attr><attrlabl Sync="TRUE">style</attrlabl><attalias Sync="TRUE">style</attalias><attrtype Sync="TRUE">String</attrtype><attwidth Sync="TRUE">80</attwidth><atprecis Sync="TRUE">0</atprecis><attscale Sync="TRUE">0</attscale></attr><attr><attrlabl Sync="TRUE">layer</attrlabl><attalias Sync="TRUE">layer</attalias><attrtype Sync="TRUE">String</attrtype><attwidth Sync="TRUE">80</attwidth><atprecis Sync="TRUE">0</atprecis><attscale Sync="TRUE">0</attscale></attr><attr><attrlabl Sync="TRUE">path</attrlabl><attalias Sync="TRUE">path</attalias><attrtype Sync="TRUE">String</attrtype><attwidth Sync="TRUE">80</attwidth><atprecis Sync="TRUE">0</atprecis><attscale Sync="TRUE">0</attscale></attr><attr><attrlabl Sync="TRUE">DLAT</attrlabl><attalias Sync="TRUE">DLAT</attalias><attrtype Sync="TRUE">Double</attrtype><attwidth Sync="TRUE">19</attwidth><atprecis Sync="TRUE">18</atprecis><attscale Sync="TRUE">6</attscale></attr><attr><attrlabl Sync="TRUE">DLONG</attrlabl><attalias Sync="TRUE">DLONG</attalias><attrtype Sync="TRUE">Double</attrtype><attwidth Sync="TRUE">19</attwidth><atprecis Sync="TRUE">18</atprecis><attscale Sync="TRUE">6</attscale></attr><attr><attrlabl Sync="TRUE">EASTING</attrlabl><attalias Sync="TRUE">EASTING</attalias><attrtype Sync="TRUE">Double</attrtype><attwidth Sync="TRUE">18</attwidth><atprecis Sync="TRUE">17</atprecis><attscale Sync="TRUE">3</attscale></attr><attr><attrlabl Sync="TRUE">NORTHING</attrlabl><attalias Sync="TRUE">NORTHING</attalias><attrtype Sync="TRUE">Double</attrtype><attwidth Sync="TRUE">18</attwidth><atprecis Sync="TRUE">17</atprecis><attscale Sync="TRUE">3</attscale></attr><attr><attrlabl Sync="TRUE">ZONE_</attrlabl><attalias Sync="TRUE">ZONE_</attalias><attrtype Sync="TRUE">SmallInteger</attrtype><attwidth Sync="TRUE">4</attwidth><atprecis Sync="TRUE">4</atprecis><attscale Sync="TRUE">0</attscale></attr></detailed></eainfo><mdDateSt Sync="TRUE">20200821</mdDateSt></metadata>
