X,Y,formation,appar_th,thickness,cl,cm,p1x,p1y,p2x,p2y,dip,type
519922.855516935,7510700.49570857,Wittenoom_Formation,1076.0922560665056,394,-0.9918754954299422,-0.12721242693073118,520558.9176515887,7505741.11823142,519286.7933822813,7515659.873185719,21.505547318551166,full
523048.0255426596,7511696.634111812,Wittenoom_Formation,1157.9640501583688,172,-0.863713942471405,-0.5039823663388459,525567.9373743539,7507378.064399456,520528.1137109654,7516015.203824169,8.57665162206736,full
524965.16076637,7513561.55955241,Wittenoom_Formation,1821.7176338899146,242,-0.6305966829919901,-0.7761107030569152,528845.7142816546,7510408.57613745,521084.60725108546,7516714.54296737,7.648190236681955,full
526487.730267925,7517135.579473835,Wittenoom_Formation,3216.325150361614,235,-0.14134452137080442,-0.989960467028082,531437.5326030654,7516428.856866982,521537.92793278454,7517842.302080689,4.20097380837214,full
530849.995220055,7520256.246672455,Wittenoom_Formation,2340.832324581237,202,-0.99184999905089,0.1274110646009571,530212.9398970501,7515296.9966772,531487.0505430598,7525215.49666771,4.974529831442339,full
533742.970656035,7520098.24971456,Wittenoom_Formation,1610.9786834640515,166,-0.993124804606108,-0.11706033690400912,534328.2723405551,7515132.625691529,533157.6689715149,7525063.87373759,5.936668098414188,full
534812.2681826733,7521214.917322743,Wittenoom_Formation,2845.107288857264,329,-0.9119323168325691,-0.41034065057752106,536863.9714355608,7516655.25573858,532760.5649297857,7525774.578906906,6.654519339112667,full
549386.979920835,7520323.1789416,Wittenoom_Formation,2661.863462067159,1144,-0.9255694473683044,0.3785778626627969,547494.090607521,7515695.331704758,551279.869234149,7524951.026178442,25.46833494455535,full
548897.613677515,7514319.135195435,Wittenoom_Formation,2260.720079834403,251,0.9745929779906228,0.2239833191364246,547777.6970818328,7519192.100085388,550017.5302731971,7509446.170305482,6.375039850712923,full
546966.843348305,7512983.390460685,Wittenoom_Formation,2385.2599994312973,354,0.5998155505342558,0.8001383038808275,542966.1518289008,7515982.468213356,550967.5348677092,7509984.312708014,8.544722779333625,full
546318.865985385,7512018.13350736,Wittenoom_Formation,1930.8713300874024,352,0.15213411568425572,0.9883598589810138,541377.06669048,7512778.804085781,551260.6652802901,7511257.462928939,10.515019128214888,full
545498.939821435,7510616.14618635,Wittenoom_Formation,1846.3114921626966,320,0.7326380062588067,0.6806185067900525,542095.8472874848,7514279.336217644,548902.0323553853,7506952.956155056,9.995222702587355,full
544388.08989391,7508248.899835628,Wittenoom_Formation,1513.1731392398663,139,0.3364231353149178,0.9417109291204392,539679.5352483077,7509931.015512203,549096.6445395122,7506566.784159054,5.301060080063436,full
541663.86921207,7504453.40099267,Wittenoom_Formation,944.402345302148,243,0.8274872410183591,0.5614845197793293,538856.4466131733,7508590.837197762,544471.2918109667,7500315.964787578,14.943416505633067,full
537696.580005585,7503038.644540605,Wittenoom_Formation,627.8002973357987,134,0.9484970027640712,-0.3167861040948193,539280.5105260591,7507781.129554425,536112.6494851109,7498296.159526785,12.333800234226516,full
536651.8741216101,7501808.884078665,Wittenoom_Formation,1532.2180425701788,192,0.2545439650450517,0.967061202747346,531816.5681078733,7503081.60390389,541487.1801353468,7500536.16425344,7.218834366195836,full
534231.799758695,7501134.369183125,Wittenoom_Formation,710.2716834679077,127,0.990851780551845,0.1349546182138213,533557.0266676259,7506088.628085884,534906.572849764,7496180.110280366,10.373653650773448,full
530402.2047668749,7521236.235398585,Marra_Mamba_Iron_Formation,886.750878271099,79,-0.9993221087015912,0.03681471255089396,530218.1312041205,7516239.624855077,530586.2783296293,7526232.845942093,5.172119859756009,full
548831.18947511,7521110.694545185,Marra_Mamba_Iron_Formation,292.01035537668736,120,-0.8403085265706786,0.5421084579423338,546120.6471853984,7516909.151912332,551541.7317648217,7525312.237178039,24.271463903952437,full
550833.86942663,7520332.92575877,Marra_Mamba_Iron_Formation,950.3371211642584,438,-0.8887513230015175,0.458389665964507,548541.9210968075,7515889.169143762,553125.8177564525,7524776.682373777,27.473430495785315,full
552243.0505179199,7519131.661241812,Marra_Mamba_Iron_Formation,1479.3361059737488,670,-0.7203502952875184,0.6936104469218909,548774.9982833104,7515529.909765374,555711.1027525294,7522733.4127182495,26.95828672373547,full
553506.37492226,7516896.125452775,Marra_Mamba_Iron_Formation,1382.104366534057,494,0.06237495532803825,0.9980527866540052,548516.1109889899,7517208.000229415,558496.63885553,7516584.250676135,20.968589450459348,full
552665.118585225,7515631.876654585,Marra_Mamba_Iron_Formation,726.3854809053361,222,0.3876859566425777,0.921791516028505,548056.1610050824,7517570.306437798,557274.0761653675,7513693.446871372,17.868633137896126,full
551085.6336944799,7514482.115038515,Marra_Mamba_Iron_Formation,507.07136850303993,107,0.9770404470207166,0.21305390136197533,550020.36418767,7519367.317273619,552150.9032012898,7509596.9128034115,12.290377345337689,full
549041.035260135,7513812.380497025,Marra_Mamba_Iron_Formation,528.7266247390027,40,0.9468708667145932,0.32161399498024784,547432.9652852337,7518546.734830598,550649.1052350362,7509078.026163452,4.344327411120119,full
547488.09007165,7512891.640436515,Marra_Mamba_Iron_Formation,477.0078746268897,52,0.4791932559018533,0.8777094185994481,543099.5429786528,7515287.606716025,551876.6371646472,7510495.674157006,6.333524008426934,full
546915.9039405249,7511745.000902525,Marra_Mamba_Iron_Formation,660.0906593747368,98,0.4326124381386269,0.9015799899996412,542408.0039905267,7513908.063093218,551423.8038905232,7509581.938711832,8.55230263643108,full
546635.290916825,7510767.13469111,Marra_Mamba_Iron_Formation,803.9922991995455,103,0.5933461224343117,0.8049474386518456,542610.5537235658,7513733.865303282,550660.0281100841,7507800.404078938,7.42792975687,full
545312.050876535,7509345.395137595,Marra_Mamba_Iron_Formation,756.3626141666375,87,0.3900009943669481,0.9208144353738116,540707.978699666,7511295.40010943,549916.123053404,7507395.39016576,6.649278547755671,full
544579.6767696401,7507799.651197765,Marra_Mamba_Iron_Formation,333.5618381892719,24,0.4374922056992444,0.8992222027688207,540083.5657557959,7509987.112226261,549075.7877834842,7505612.190169269,4.225575385250039,full
543576.64946143,7506178.900727445,Marra_Mamba_Iron_Formation,381.110819139285,48,0.38971506136128703,0.9209354868546268,538971.9720271569,7508127.476034252,548181.3268957032,7504230.325420639,7.242395365120856,full
541741.404247645,7504078.900228442,Marra_Mamba_Iron_Formation,354.08747710710816,99,0.8601674596883767,0.5100117070158732,539191.3457125657,7508379.737526883,544291.4627827244,7499778.06293,16.23771126176848,full
539709.6700366649,7502769.40030633,Marra_Mamba_Iron_Formation,464.72265446924087,132,0.8735019342670427,0.4868206762574234,537275.5666553779,7507136.909977665,542143.773417952,7498401.890634995,16.57804186670316,full
537484.2345968201,7502186.14398269,Marra_Mamba_Iron_Formation,1053.7377322623781,194,0.7892505237260491,0.6140713401536966,534413.8778960516,7506132.39660132,540554.5912975885,7498239.891364059,10.609974311617833,full
537151.78487281,7501157.135138335,Marra_Mamba_Iron_Formation,710.8266317709421,91,0.6259559766721892,0.7798583943693661,533252.4929009632,7504286.915021695,541051.0768446568,7498027.355254974,7.391511158165258,full
534794.12882174,7500848.364012442,Marra_Mamba_Iron_Formation,368.54903015066657,38,0.9955971901584344,-0.09373491851295468,535262.8034143049,7505826.349963234,534325.4542291752,7495870.378061649,6.019867903784899,full
533398.540996195,7500516.824355229,Marra_Mamba_Iron_Formation,517.0039387353523,137,0.9607625664770078,0.27737211622027425,532011.6804150937,7505320.637187614,534785.4015772964,7495713.0115228435,15.448938261005935,full
531362.5394642651,7500720.83522844,Marra_Mamba_Iron_Formation,372.34131428748043,174,0.9917135216400632,0.1284690273811711,530720.1943273592,7505679.40283664,532004.884601171,7495762.26762024,27.991936135505505,full
529030.778694384,7500199.7410713425,Marra_Mamba_Iron_Formation,872.0406975305868,463,0.9218254974398375,0.3876051499526237,527092.7529446209,7504808.868558542,530968.8044441472,7495590.613584143,32.11852652669396,full
562344.57936282,7490951.34059388,Boolgeeda_Iron_Formation,635.4631929177131,427,-0.9949763623057738,-0.10011013161897908,562845.130020915,7485976.458782352,561844.0287047251,7495926.2224054085,42.275835608366016,full
560463.579465495,7485079.083282695,Boolgeeda_Iron_Formation,699.7849267284743,120,0.9962948385349282,0.08600345753899442,560033.5621778,7490060.557475369,560893.5967531899,7480097.609090021,9.889684546941567,full
559119.699761265,7485207.069412515,Boolgeeda_Iron_Formation,669.0078324939077,270,0.96061009878849,-0.27789969072593035,560509.1982148946,7490010.119906457,557730.2013076353,7480404.018918572,23.81290806864814,full
556713.75592295,7485846.04057605,Boolgeeda_Iron_Formation,495.74729232408,349,0.9641054045149494,-0.265519809025741,558041.3549680787,7490666.567598625,555386.1568778213,7481025.513553475,44.79430222407363,full
552610.404367395,7487427.76068372,Boolgeeda_Iron_Formation,657.5207093061035,519,0.8836999583489735,-0.4680538255521714,554950.6734951559,7491846.260475465,550270.1352396341,7483009.260891975,52.19580963461925,full
550786.85881388,7488453.12795862,Boolgeeda_Iron_Formation,413.9452931887624,284,0.8814260939955567,-0.4723219673313278,553148.4686505366,7492860.258428598,548425.2489772234,7484045.997488642,43.501634777700275,full
549490.845937755,7489510.47029242,Boolgeeda_Iron_Formation,820.6617115362509,300,-0.3506471568349489,-0.9365076462066748,554173.3841687883,7487757.234508245,544808.3077067216,7491263.706076595,21.476240934738385,full
550775.76079151,7490271.89894948,Boolgeeda_Iron_Formation,438.31011136128075,157,-0.9937204476907904,-0.11189133943793682,551335.2174886997,7485303.296711026,550216.3040943203,7495240.501187934,21.121832779397707,full
552869.619635975,7490672.75180947,Boolgeeda_Iron_Formation,345.96276360978777,148,-0.9284841781771136,-0.37137195757726543,554726.4794238614,7486030.330918585,551012.7598480886,7495315.172700356,25.48334806548347,full
554796.6809992499,7490651.76125026,Boolgeeda_Iron_Formation,383.72422444631445,167,-0.9937819640194152,0.11134364817857313,554239.962758357,7485682.851430163,555353.3992401428,7495620.671070358,25.800621187672718,full
557378.0149577849,7490520.044490605,Boolgeeda_Iron_Formation,372.795698752555,177,-0.9994279490411568,0.03381973795562165,557208.9162680068,7485522.904745399,557547.113647563,7495517.18423581,28.49219001853031,full
560228.17018092,7490902.319475873,Boolgeeda_Iron_Formation,588.0889600450264,405,-0.9389055791812378,-0.3441748296757685,561949.0443292989,7486207.791579967,558507.2960325412,7495596.847371779,43.64554259985807,full
561273.0752669349,7491112.32556575,Boolgeeda_Iron_Formation,651.0625034282601,450,-0.997001059361184,0.07738790365862376,560886.1357486418,7486127.320268944,561660.0147852281,7496097.330862556,43.83907366380243,full
561061.19998684,7478939.82860736,Mount_McRae_Shale_and_Mount_Sylvia_Formation,926.1091370763156,72,0.5238608911974378,-0.8518038310983499,565320.2191423317,7481559.133063347,556802.1808313483,7476320.524151373,4.501505557577616,full
562092.236037625,7482928.10958807,Weeli_Wolli_Formation,1802.0620385437728,108,0.9940890975924058,-0.10856733416601752,562635.072708455,7487898.555076032,561549.399366795,7477957.664100108,3.4652857795295233,full
559233.6345087499,7483482.575397195,Weeli_Wolli_Formation,1317.0124043555581,515,0.9616116456554836,-0.27441399916868703,560605.7045045934,7488290.633625473,557861.5645129065,7478674.517168918,23.043215834701925,full
555718.903841545,7484673.534226402,Weeli_Wolli_Formation,973.5468664662475,685,0.8813305633151881,-0.4725001991179826,558081.4048371349,7489080.187042978,553356.4028459551,7480266.881409826,44.742994312625505,full
553529.30177137,7485589.264317505,Weeli_Wolli_Formation,865.578731846751,643,0.8587478311283427,-0.5123984411884637,556091.2939773123,7489883.003473147,550967.3095654277,7481295.525161863,48.012581279380576,full
551584.034485705,7486414.50476229,Weeli_Wolli_Formation,1110.2318297332856,841,0.9503017214624436,-0.3113304324757151,553140.6866480835,7491166.013369602,550027.3823233264,7481662.996154978,49.30476983183931,full
550230.519956985,7487293.735950735,Weeli_Wolli_Formation,950.2161876357131,694,0.9790347811528496,-0.2036931449337252,551248.9856816536,7492188.9098565,549212.0542323164,7482398.562044971,46.97903221408067,full
548614.666485775,7487843.47036708,Weeli_Wolli_Formation,1323.4933830459645,826,0.9520940177733008,-0.3058054631956291,550143.6938017532,7492603.940455946,547085.6391697968,7483083.000278213,38.64187768417892,full
546254.139230385,7489530.93947456,Weeli_Wolli_Formation,2659.7600598543186,867,0.08708852137460946,-0.9962005769145008,551235.1421149574,7489966.382081433,541273.1363458125,7489095.496867687,19.043136181387567,full
551128.26324862,7491466.82595788,Weeli_Wolli_Formation,853.3796415818508,450,-0.9654723599795488,-0.26050551263940763,552430.790811817,7486639.464157983,549825.7356854229,7496294.187757778,31.900564447407234,full
555095.42788593,7491675.78107784,Weeli_Wolli_Formation,665.5634318427187,324,-0.9994097546895648,-0.03435319826950332,555267.1938772775,7486678.732304392,554923.6618945826,7496672.829851288,29.18116889654184,full
560539.6013474499,7492559.55953338,Weeli_Wolli_Formation,984.1022729225319,665,-0.9879875312813388,-0.15453361457173478,561312.2694203086,7487619.621876974,559766.9332745912,7497499.497189786,42.51630041413904,full
541605.4437436049,7489811.405003805,Mount_McRae_Shale_and_Mount_Sylvia_Formation,702.6985650676108,257,0.3011511424210199,-0.9535764203347914,546373.3258452789,7491317.16071591,536837.561641931,7488305.6492917,21.497520689580384,full
542031.830849675,7490607.904445505,Mount_McRae_Shale_and_Mount_Sylvia_Formation,511.75305575126737,160,-0.8003820967170366,-0.5994901994652124,545029.281847001,7486605.99396192,539034.3798523489,7494609.8149290895,18.24766527317847,full
542985.524318275,7491012.14998165,Mount_McRae_Shale_and_Mount_Sylvia_Formation,307.19100235309867,83,-0.9281502359878188,-0.3722057756614701,544846.5531965824,7486371.39880171,541124.4954399677,7495652.901161589,15.790662104960589,full
545891.545460255,7492436.9149090415,Mount_McRae_Shale_and_Mount_Sylvia_Formation,195.36064953462102,32,-0.9414661590642346,-0.3371075070905977,547577.082995708,7487729.58411372,544206.007924802,7497144.245704363,9.72150482338634,full
547590.21884899,7492596.189491395,Mount_McRae_Shale_and_Mount_Sylvia_Formation,224.45949811997184,118,-0.9939067305827238,0.11022436619169444,547039.0970180315,7487626.655838481,548141.3406799486,7497565.723144309,31.739393680765836,full
549106.260281095,7492613.724306099,Mount_McRae_Shale_and_Mount_Sylvia_Formation,247.9181554222865,180,-0.9752255024434344,-0.2212130633212031,550212.325597701,7487737.596793882,548000.1949644891,7497489.851818317,46.67006355831911,full
550602.940566155,7493101.45710035,Mount_McRae_Shale_and_Mount_Sylvia_Formation,239.3132308835282,184,-0.9588065243741896,-0.2840599387761092,552023.2402600356,7488307.42447848,549182.6408722744,7497895.489722221,50.47102102638299,full
552589.9939388649,7493121.491306695,Mount_McRae_Shale_and_Mount_Sylvia_Formation,389.6671805263693,267,-0.9932653788996648,0.1158614995557422,552010.6864410862,7488155.164412197,553169.3014366436,7498087.818201194,43.29450550128823,full
554160.7796177401,7493132.7489721915,Mount_McRae_Shale_and_Mount_Sylvia_Formation,386.7338471610215,243,-0.9989120812426768,0.046633185044813785,553927.613692516,7488138.188565978,554393.9455429642,7498127.309378405,38.99459490566306,full
557055.55382719,7493604.024550101,Mount_McRae_Shale_and_Mount_Sylvia_Formation,431.23306424075196,270,-0.9243232339982786,-0.3816104808452768,558963.6062314163,7488982.40838011,555147.5014229636,7498225.640720092,38.853384200101246,full
559849.355504895,7494400.79887525,Mount_McRae_Shale_and_Mount_Sylvia_Formation,519.8693179452337,282,-0.9999999999997292,7.357332484357319e-07,559849.3518262288,7489400.798875251,559849.3591835612,7499400.798875249,32.973032560558806,full
561178.2950388349,7479975.336342099,Brockman_Iron_Formation,3202.168733035633,354,0.9073853428834228,-0.4202997020226562,563279.7935489482,7484512.263056517,559076.7965287216,7475438.409627682,6.3520280142332695,full
559711.42507544,7481090.820405207,Brockman_Iron_Formation,2431.5496294055706,655,0.8022462209089394,-0.5969933006636883,562696.3915787584,7485102.051509751,556726.4585721216,7477079.589300662,15.62759935439884,full
558386.88447243,7482052.810128435,Brockman_Iron_Formation,1687.7744743606809,726,0.8319708145325618,-0.5548193974312952,561160.9814595864,7486212.664201098,555612.7874852736,7477892.956055772,25.513980918750562,full
554783.0886732349,7484462.284703805,Brockman_Iron_Formation,588.5654730791837,402,0.8576263417692478,-0.5142733299554795,557354.4553230123,7488750.416412652,552211.7220234575,7480174.152994959,43.10242922881271,full
542250.9797124551,7489615.661070095,Brockman_Iron_Formation,3985.2723299931013,1513,0.03861424995271066,-0.9992541917353108,547247.2506711317,7489808.732319859,537254.7087537785,7489422.589820332,22.325353560290196,full
544186.9984070649,7491533.66075547,Brockman_Iron_Formation,2505.516709230744,501,-0.4516386337095799,-0.8922009552454783,548648.0031832923,7489275.467586922,539725.9936308375,7493791.853924018,11.54666104593123,full
545170.33605265,7491851.659897595,Brockman_Iron_Formation,2184.1936705436733,287,-0.8739205677212587,-0.4860687619192916,547600.6798622465,7487482.057058988,542739.9922430535,7496221.262736201,7.572743364480857,full
547566.583725645,7492372.939814605,Brockman_Iron_Formation,1586.9629258926132,810,-0.9899617820960116,0.14133531048286832,546859.9071732307,7487423.130904125,548273.2602780593,7497322.748725085,30.71215491312242,full
549947.99431685,7492610.959853396,Brockman_Iron_Formation,1390.716310236987,1038,-0.8945133590656903,-0.4470412178457547,552183.2004060787,7488138.393058067,547712.7882276212,7497083.526648724,48.3381342961131,full
552344.295352425,7492789.740046754,Brockman_Iron_Formation,1161.5407431557765,787,-0.9640330241614716,0.265782483106182,551015.3829368941,7487969.574925946,553673.2077679558,7497609.905167561,42.67603887271472,full
556318.24076914,7493027.764724267,Brockman_Iron_Formation,1338.8135365498508,824,-0.9701672016188414,-0.24243679774957064,557530.4247578878,7488176.928716172,555106.0567803921,7497878.600732361,38.028858250007275,full
558729.40042868,7493712.536538837,Brockman_Iron_Formation,1455.8215539607882,904,-0.948728742851703,-0.3160913989450317,560309.8574234052,7488968.892824578,557148.9434339548,7498456.180253095,38.424564363993525,full
561731.869769855,7494022.5605349,Brockman_Iron_Formation,1356.7947213076175,732,-0.9933096669880781,0.11548119097079787,561154.4638150011,7489056.01219996,562309.275724709,7498989.10886984,32.687793986743046,full
560481.310866785,7475177.096369605,Marra_Mamba_Iron_Formation,662.0856529813115,41,0.3715796177540703,-0.9284010920231296,565123.3163269006,7477034.994458375,555839.3054066694,7473319.198280835,3.5826903662785554,full
559856.84459489,7476914.83302106,Marra_Mamba_Iron_Formation,789.5407145082926,30,-0.06434620791158867,-0.9979276354162152,564846.4827719711,7476593.101981502,554867.2064178089,7477236.564060617,2.231586887461134,full
559705.78181074,7478573.56983927,Marra_Mamba_Iron_Formation,551.8114938339595,77,0.4916889420399544,-0.8707709137744728,564059.6363796124,7481032.01454947,555351.9272418676,7476115.12512907,8.079152883772196,full
521458.64038135525,7500685.091314265,Mount_McRae_Shale_and_Mount_Sylvia_Formation,374.9282314797966,58,0.9765376711897582,0.21534664322269728,520381.9071652418,7505567.779670213,522535.3735974687,7495802.402958316,9.026758057728713,full
519145.07776546635,7499686.477494253,Mount_McRae_Shale_and_Mount_Sylvia_Formation,380.2185835587822,110,0.7896118192604253,0.6136066939695503,516077.0442956186,7503634.536590555,522213.1112353141,7495738.418397951,16.88962879465248,full
517233.5405401078,7498279.50996512,Mount_McRae_Shale_and_Mount_Sylvia_Formation,715.017556692827,198,0.7955210593817061,0.6059259394350173,514203.9108429327,7502257.115262029,520263.17023728293,7494301.904668211,16.120492380822796,full
519931.834325765,7499583.206071265,Wittenoom_Formation,618.7551079914712,146,0.8944169403802771,0.4472340961518744,517695.6638450057,7504055.290773166,522168.0048065244,7495111.121369364,13.67255037066812,full
517829.94979301,7497980.185686345,Wittenoom_Formation,601.8482755190034,144,0.7389255553121254,0.6737870759421458,514461.0144132993,7501674.813462906,521198.88517272077,7494285.557909785,13.855730871127207,full
525195.62039369,7507924.54934537,Boolgeeda_Iron_Formation,678.1300971737562,204,-0.9730265577299736,-0.2306931250647893,526349.0860190139,7503059.416556721,524042.154768366,7512789.68213402,17.511356879621957,full
530911.4760851,7509142.918847915,Boolgeeda_Iron_Formation,817.1220960133624,80,-0.9536285484100744,-0.3009860323292339,532416.4062467462,7504374.776105864,529406.5459234538,7513911.061589966,5.656057009810681,full
532383.3803470749,7506158.12940393,Boolgeeda_Iron_Formation,878.1825341900982,145,0.7804348336988491,0.6252371312945589,529257.1946906021,7510060.303572425,535509.5660035477,7502255.955235436,9.542406546908182,full
530140.3648564001,7505170.115017082,Boolgeeda_Iron_Formation,694.1532887954709,235,0.8881603673929528,0.4595336351045647,527842.6966808772,7509610.916854046,532438.0330319229,7500729.313180117,19.841182780010016,full
527933.9289082449,7504414.5679616,Boolgeeda_Iron_Formation,498.3551330337929,206,0.9755296873955038,0.21986775345655088,526834.5901409622,7509292.216398577,529033.2676755277,7499536.919524622,24.54145377050544,full
518008.02076309,7502868.699224345,Boolgeeda_Iron_Formation,449.28234734321376,223,0.9748330944649659,0.22293595029931515,516893.3410115934,7507742.86469667,519122.7005145866,7497994.53375202,29.821830518206298,full
562256.5705935301,7491496.08420432,Woongarra_Rhyolite,564.644267067754,378,-0.9806928441314162,0.19555445653176448,561278.7983108712,7486592.619983663,563234.3428761889,7496399.548424977,42.095269236131514,full
559764.197528865,7484728.2700467715,Woongarra_Rhyolite,333.8745274769362,100,0.9925532303946616,-0.1218116777370788,560373.2559175503,7489691.036198745,559155.1391401796,7479765.503894798,17.546382662881697,full
555989.18411714,7485586.541184435,Woongarra_Rhyolite,428.5861495982565,317,0.9332139525652016,-0.3593211916066651,557785.7900751734,7490252.610947261,554192.5781591067,7480920.471421609,47.75362733842768,full
553826.0400736551,7486408.76914978,Woongarra_Rhyolite,432.107039573476,341,0.8875534904003052,-0.4607046794620558,556129.5634709654,7490846.536601782,551522.5166763448,7481971.001697779,52.30415143963276,full
551779.160050605,7487525.99967855,Woongarra_Rhyolite,354.3186246324528,273,0.9363426221427764,-0.3510875873037808,553534.5979871239,7492207.7127892645,550023.722114086,7482844.286567836,50.438568517030006,full
550045.0852298599,7488366.230335965,Woongarra_Rhyolite,332.400490729153,214,0.9485646097735616,-0.3165836083645692,551628.0032716828,7493109.053384833,548462.1671880371,7483623.407287097,40.21685603480371,full
548856.236471495,7489617.715816748,Woongarra_Rhyolite,633.3509264979583,210,-0.2869820815748329,-0.9579359502884188,553645.916222937,7488182.8054088745,544066.556720053,7491052.626224622,19.40888099598517,full
549875.2348848099,7490359.725166345,Woongarra_Rhyolite,293.88158832252515,97,-0.9190235468150572,-0.3942026387525486,551846.2480785727,7485764.6074322695,547904.2216910472,7494954.842900421,19.35262612662831,full
551716.54468986,7490690.491014095,Woongarra_Rhyolite,282.2380425183308,109,-0.9927374218570756,-0.12030133517366692,552318.0513657283,7485726.80390481,551115.0380139917,7495654.17812338,22.85975058562063,full
554245.60516155,7491103.511077875,Woongarra_Rhyolite,377.02716043165384,164,-0.9970830158867424,0.07632469738032292,553863.9816746484,7486118.095998442,554627.2286484516,7496088.926157309,25.942905256057088,full
557465.5241084751,7490863.28837431,Woongarra_Rhyolite,346.1383140261293,184,-0.9999802357080171,0.0062871450864932,557434.0883830426,7485863.387195771,557496.9598339075,7495863.18955285,32.265811086880085,full
560100.71048924,7491370.809403039,Woongarra_Rhyolite,484.5520772464592,338,-0.9572886927690256,-0.2891338075987823,561546.3795272339,7486584.365939193,558655.0414512461,7496157.252866884,44.24833069739922,full
544570.245259075,7475221.865516139,Mount_Roe_Basalt,292.74951578387396,125,0.5931708988016876,-0.8050765707774621,548595.6281129622,7478187.720010147,540544.8624051877,7472256.011022131,25.465905748054155,full
543976.918940265,7476819.38629562,Mount_Roe_Basalt,535.6724653951504,247,0.023877470464015862,-0.9997148925589936,548975.4934030599,7476938.773647941,538978.34447747,7476699.9989433,27.507972283322793,full
544321.81053183,7477126.3906250885,Mount_Roe_Basalt,3268.755251496646,1540,-0.992747100449116,-0.12022143964315445,544922.9177300457,7472162.655122843,543720.7033336142,7482090.126127334,28.121071304253377,full
542304.31951838,7520518.4603185365,Mount_McRae_Shale_and_Mount_Sylvia_Formation,338.41325582714836,14,-0.9387640458314996,0.34456068587996824,540581.5160889801,7515824.640089379,544027.1229477798,7525212.280547694,2.5308518249502043,full
546110.1039568,7519563.934278564,Mount_McRae_Shale_and_Mount_Sylvia_Formation,298.2870208494171,61,-0.972020416684879,0.2348963804483885,544935.622054558,7514703.8321951395,547284.5858590419,7524424.036361988,11.88771136269493,full
548349.530275,7517923.899825215,Mount_McRae_Shale_and_Mount_Sylvia_Formation,657.644864323689,215,-0.4187808520265165,0.9080873294876132,543809.0936275619,7515829.995565083,552889.9669224381,7520017.804085348,19.084397141654875,full
546917.703800005,7515708.9035545,Mount_McRae_Shale_and_Mount_Sylvia_Formation,519.3636406008368,57,0.3516851525502413,0.9361183437342276,542237.1120813339,7517467.329317251,551598.2955186762,7513950.477791749,6.4069536432369745,full
545473.668719175,7514717.656552955,Mount_McRae_Shale_and_Mount_Sylvia_Formation,500.2075289913513,112,0.8808707384046744,0.4733568867381181,543106.8842854844,7519122.010244978,547840.4531528656,7510313.3028609315,12.949362587760092,full
544408.97577783,7512306.903846305,Mount_McRae_Shale_and_Mount_Sylvia_Formation,351.4347766105601,80,0.28737841077353143,0.957817127128806,539619.890142186,7513743.795900173,549198.061413474,7510870.011792437,13.279128235859432,full
543540.09434987,7511095.155617599,Mount_McRae_Shale_and_Mount_Sylvia_Formation,780.4283216553496,150,0.3163163975921694,0.9486537495916584,538796.8256019118,7512676.737605561,548283.3630978282,7509513.573629638,11.08278637176437,full
543001.5858128199,7508806.899654325,Mount_McRae_Shale_and_Mount_Sylvia_Formation,432.0455222700238,57,0.6180197694776683,0.7861625560498093,539070.7730325708,7511896.998501713,546932.3985930689,7505716.800806937,7.635977450813428,full
542047.03905514,7506298.149943915,Mount_McRae_Shale_and_Mount_Sylvia_Formation,302.52058727743724,39,0.42814409430985934,0.9037104815744864,537528.4866472676,7508438.870415464,546565.5914630124,7504157.429472366,7.55554474021973,full
538999.88625448,7504046.400077695,Mount_McRae_Shale_and_Mount_Sylvia_Formation,303.1173453639606,82,0.9437506129181292,0.33065810230002723,537346.5957429799,7508765.1531422855,540653.1767659801,7499327.6470131045,15.746131139403943,full
536393.294015715,7503556.89581315,Mount_McRae_Shale_and_Mount_Sylvia_Formation,534.3941445921126,81,0.9646897190272528,0.26338896332823064,535076.3491990739,7508380.344408287,537710.2388323562,7498733.447218014,8.807062304903397,full
534655.521226285,7501978.12072868,Mount_McRae_Shale_and_Mount_Sylvia_Formation,289.1448174290355,34,0.9587153179430096,0.28436761268019606,533233.6831628841,7506771.697318395,536077.359289686,7497184.544138965,6.829999415548784,full
520386.50884253,7509712.245093915,Mount_McRae_Shale_and_Mount_Sylvia_Formation,270.9411782578027,122,-0.971928962588431,-0.2352745028297297,521562.88135667867,7504852.600280972,519210.13632838137,7514571.889906857,26.79579212043847,full
524755.3354251201,7511523.313735873,Mount_McRae_Shale_and_Mount_Sylvia_Formation,611.8529602372134,90,-0.7681999273073264,-0.6402100215437261,527956.3855328388,7507682.314099337,521554.28531740146,7515364.31337241,8.51432158507582,full
527276.455788035,7512710.6300216885,Mount_McRae_Shale_and_Mount_Sylvia_Formation,435.127959573756,80,-0.9642607156965683,-0.2649552267164048,528601.2319216169,7507889.326443206,525951.679654453,7517531.9336001715,10.725466355495954,full
529601.755307695,7513848.94875972,Mount_McRae_Shale_and_Mount_Sylvia_Formation,524.6943746069077,72,-0.2425731280762393,-0.9701331236151604,534452.4209257708,7512636.083119338,524751.0896896193,7515061.814400101,7.945207554640518,full
530103.56620433,7515415.22122853,Mount_McRae_Shale_and_Mount_Sylvia_Formation,389.1057608736173,31,0.045509397810235566,-0.9989639106148678,535098.3857574043,7515642.768217581,525108.7466512556,7515187.674239478,4.716023714740004,full
529968.9654717101,7517593.46603564,Mount_McRae_Shale_and_Mount_Sylvia_Formation,768.9795517689204,8,-0.7072501694226963,-0.7069633638680065,533503.7822910501,7514057.215188527,526434.1486523701,7521129.716882753,0.6382060968520022,full
533468.92626439,7518450.250423363,Mount_McRae_Shale_and_Mount_Sylvia_Formation,389.84683054422385,26,-0.9938707291546462,-0.1105485130140238,534021.6688294602,7513480.89677759,532916.1836993198,7523419.604069137,3.891893665737996,full
537605.134439175,7519502.73016651,Mount_McRae_Shale_and_Mount_Sylvia_Formation,761.0242238647844,95,-0.9485715769456904,-0.3165627321886866,539187.9481001184,7514759.872281781,536022.3207782316,7524245.588051238,7.207378847462863,full
539575.3450425051,7520652.974978295,Mount_McRae_Shale_and_Mount_Sylvia_Formation,237.27886746318157,16,-0.921867520474973,-0.3875051931178797,541512.8710080945,7516043.63737592,537637.8190769156,7525262.31258067,3.8689972492988858,full
543889.46132934,7480417.180664925,Hardey_Formation,2622.6378163885306,1926,0.6523819101498703,-0.7578903900361889,547678.9132795209,7483679.090215675,540100.0093791591,7477155.271114175,47.27593113492401,full
541625.9339270301,7481904.921435285,Hardey_Formation,1732.5624027302254,1511,0.9565027198985212,-0.2917234080884339,543084.5509674723,7486687.435034778,540167.3168865879,7477122.407835793,60.72064051414688,full
538474.96537251,7482602.84888697,Hardey_Formation,1914.3225625077046,1741,0.999695648653016,-0.024670023595969155,538598.3154904898,7487601.327130236,538351.6152545302,7477604.370643705,65.46560233582827,full
534789.30041012,7483202.299969303,Hardey_Formation,2288.434144913961,1963,0.9977595527828441,-0.06690197927250865,535123.8103064826,7488191.097733217,534454.7905137575,7478213.50220539,59.094615335995634,full
531876.85046779,7483899.03404096,Hardey_Formation,2344.2125529645755,1765,0.9986295673265398,-0.05233533472911058,532138.5271414355,7488892.181877593,531615.1737941445,7478905.8862043265,48.87643066705199,full
529087.386488115,7483045.24533353,Hardey_Formation,4171.358531694253,1869,0.8773777950981838,0.479800171601313,526688.3856301084,7487432.134309021,531486.3873461215,7478658.356358039,26.63025870761119,full
527048.70427305,7482314.480394199,Hardey_Formation,3935.9395662949346,254,0.92159094150632,0.38816251304510857,525107.8917078244,7486922.43510173,528989.5168382755,7477706.525686667,3.707867185718527,full
524945.350563445,7480623.708373605,Hardey_Formation,4466.089453028942,1432,0.5483707837909736,0.8362353038974575,520764.1740439577,7483365.56229256,529126.5270829323,7477881.854454651,18.711374707670657,full
545201.41047616,7478209.919160903,Hardey_Formation,3904.0119159080564,1957,0.5230089764779691,-0.8523271734043608,549463.0463431819,7480824.964043293,540939.7746091381,7475594.874278514,30.09377522115627,full
520835.9778723154,7500965.078896493,Brockman_Iron_Formation,767.7977062108656,210,0.9876003915306056,0.15698874688522854,520051.0341378892,7505903.080854146,521620.92160674155,7496027.07693884,15.87910906152436,full
518958.8807063332,7500022.952754107,Brockman_Iron_Formation,1574.6451518960728,521,0.7925138094214987,0.6098539676645748,515909.6108680103,7503985.521801215,522008.1505446561,7496060.383707,19.33372617134934,full
516581.110772242,7498757.565948143,Brockman_Iron_Formation,2083.608029181807,666,0.9386000109252411,0.34500727454814184,514856.0743995013,7503450.566002768,518306.1471449827,7494064.565893517,18.665978724779237,full
542677.4965725001,7511769.9398722,Brockman_Iron_Formation,3318.011754914313,530,-0.27468669102198234,0.9615337860810684,537869.8276420948,7510396.50641709,547485.1655029054,7513143.373327309,9.2026837885428,full
542145.8739035099,7507426.408992819,Brockman_Iron_Formation,1789.812298871908,136,0.21698121788390634,0.9761757787845468,537264.9950095871,7508511.315082238,547026.7527974327,7506341.502903399,4.367485890906167,full
540458.246602545,7505160.39973582,Brockman_Iron_Formation,1796.1004065285956,417,0.8763913187070159,0.48159968489916793,538050.2481780492,7509542.356329354,542866.2450270408,7500778.443142285,13.45717215166762,full
537442.345425385,7504004.150099635,Brockman_Iron_Formation,1851.9251898052246,395,0.994664157839672,-0.10316594936846152,537958.1751722273,7508977.4708888335,536926.5156785428,7499030.829310437,12.33107474418351,full
535614.0367681901,7503332.13983152,Brockman_Iron_Formation,2761.6051854263105,255,0.3162003300402612,0.9486924429352379,530870.5745535139,7504913.141481721,540357.4989828663,7501751.1381813185,5.312358837774283,full
533316.92982423,7501972.611753278,Brockman_Iron_Formation,2247.5583803990285,563,0.987695992939562,0.15638614238842438,532534.9991122879,7506911.091717976,534098.8605361722,7497034.131788581,14.50994931689985,full
530254.12493122,7501832.080240255,Brockman_Iron_Formation,1475.0276376084983,757,0.9999999997353451,2.3006727993370122e-05,530254.00989758,7506832.080238932,530254.2399648599,7496832.080241579,30.882802404847844,full
519606.1003523519,7509314.451171485,Brockman_Iron_Formation,564.5426705959298,287,-0.9907255950351528,-0.13587786921438744,520285.48969842383,7504360.823196309,518926.71100628,7514268.079146661,30.617036331745368,full
522397.105178225,7509820.312553835,Brockman_Iron_Formation,721.9610482735103,264,-0.978390558051897,-0.20676536439862808,523430.9320002182,7504928.359763576,521363.27835623187,7514712.2653440945,21.481020787557355,full
524169.22035638,7510545.556156065,Brockman_Iron_Formation,1486.155711745892,306,-0.6991837733018557,-0.7149419914590128,527743.9303136751,7507049.637289556,520594.51039908495,7514041.475022575,11.883319774285042,full
524889.9502847551,7510980.825397599,Brockman_Iron_Formation,1495.9198069732786,255,-0.992834081938596,-0.1195009863605534,525487.4552165578,7506016.654987905,524292.4453529523,7515944.995807292,9.81847491962202,full
525724.3209396501,7511817.981949217,Brockman_Iron_Formation,2635.902491288463,425,-0.6332632003682407,-0.7739365084161448,529594.0034817308,7508651.665947376,521854.63839756936,7514984.297951058,9.286050684264808,full
527376.5393743899,7512291.129500495,Brockman_Iron_Formation,2284.9977594461284,422,-0.9999874187809198,0.005016201737714403,527351.4583657014,7507291.192406591,527401.6203830785,7517291.0665943995,10.656719170966639,full
529311.865251425,7512678.4401591765,Brockman_Iron_Formation,1873.2006985477447,287,-0.9013734631998264,-0.4330425843253192,531477.0781730516,7508171.572843177,527146.6523297983,7517185.307475176,8.838046938293857,full
529701.175250015,7514482.70485118,Brockman_Iron_Formation,4908.168420495105,610,-0.4234163882772497,-0.9059351864997016,534230.8511825135,7512365.622909794,525171.4993175165,7516599.786792567,7.151043773086201,full
530320.9103185651,7514688.720137135,Brockman_Iron_Formation,3543.293234944497,333,-0.91349603400761,-0.4068476322314867,532355.1484797226,7510121.2399670975,528286.6721574076,7519256.200307173,5.396411052109272,full
530839.1586871501,7514815.489428575,Brockman_Iron_Formation,3532.11824623832,256,-0.8448473025646018,-0.5350075096195529,533514.1962352479,7510591.252915752,528164.1211390523,7519039.725941398,4.15899418225294,full
516284.300093465,7508756.950038475,Brockman_Iron_Formation,862.4473807280434,435,-0.9701269944852164,-0.2425976392529013,517497.2882897295,7503906.315066049,515071.31189720053,7513607.585010901,30.329497572203167,full
541302.175639445,7490693.151349145,Wittenoom_Formation,500.6935290901384,170,-0.755282444516455,-0.6553994423290641,544579.1728510903,7486916.739126563,538025.1784277996,7494469.563571727,19.92211465563237,full
543123.31095177,7491847.90650611,Wittenoom_Formation,807.3707024276343,188,-0.2388554372343769,-0.971055137519788,547978.586639369,7490653.629319938,538268.0352641711,7493042.183692282,13.524528209428652,full
544238.128957815,7492249.41017384,Wittenoom_Formation,480.83751343292863,73,-0.8067332982408518,-0.5909157177715251,547192.7075466727,7488215.743682636,541283.5503689573,7496283.076665044,8.817805452982483,full
546356.50004214,7493058.92059762,Wittenoom_Formation,473.9733581106939,121,-0.9992284735093734,-0.039274135612734615,546552.8707202037,7488062.778230074,546160.1293640763,7498055.062965167,14.876518590021348,full
548354.744484535,7492678.941418905,Wittenoom_Formation,150.51386396504697,101,-0.9999368969379248,-0.011233972679065434,548410.9143479302,7487679.256934215,548298.5746211397,7497678.625903594,42.23429353856528,full
550574.23391728,7493344.7154516885,Wittenoom_Formation,241.8051126283515,188,-0.9405734990928304,-0.3395901836099944,552272.18483533,7488641.847956224,548876.28299923,7498047.582947153,51.28696024020986,full
552377.503348235,7493430.229805415,Wittenoom_Formation,279.597434640164,202,-0.9968456619257294,0.0793645153696173,551980.680771387,7488446.001495786,552774.3259250831,7498414.458115043,46.404261551811324,full
553735.194837735,7493419.74543171,Wittenoom_Formation,285.5247319482819,192,-0.9666294025007464,-0.25617884030702104,555016.0890392702,7488586.598419206,552454.3006361999,7498252.892444214,42.27549336780961,full
555624.80435913,7493597.261058785,Wittenoom_Formation,372.9966956679614,233,-0.9828659822171196,-0.18432162380029235,556546.4124781315,7488682.931147699,554703.1962401285,7498511.590969871,38.73699030892062,full
557444.45464218,7494443.52454254,Wittenoom_Formation,616.347641133707,366,-0.9212497512929728,-0.38897158732050796,559389.3125787826,7489837.275786076,555499.5967055775,7499049.773299005,36.52713506302898,full
559538.901187967,7495284.869218593,Wittenoom_Formation,948.0292760525643,455,-0.9325348795821014,-0.3610799057865111,561344.3007168996,7490622.1948206825,557733.5016590345,7499947.543616504,28.732735418317567,full
557401.090575615,7477370.325368825,Jeerinah_Formation,2651.489524877832,411,0.27347321688507903,-0.9618796180637816,562210.4886659338,7478737.691453251,552591.692485296,7476002.9592844,8.924518367506408,full
556707.714953315,7479328.03567171,Jeerinah_Formation,1847.1576727177123,624,0.477068396920547,-0.8788661699369588,561102.0458029998,7481713.377656313,552313.3841036302,7476942.693687107,19.772167513476077,full
555462.4901676399,7481054.529790455,Jeerinah_Formation,1445.2398107147853,690,0.660608927186278,-0.7507302080786379,559216.1412080331,7484357.574426386,551708.8391272468,7477751.4851545235,28.53035947128854,full
550007.96930711,7484637.749892942,Jeerinah_Formation,964.3667784930034,667,0.9469160525095356,-0.32148093178252224,551615.3739660225,7489372.330155489,548400.5646481974,7479903.169630394,43.81270880716585,full
546710.1285175,7485874.475196535,Jeerinah_Formation,833.4139114887836,590,0.9192907198328047,-0.3935791819053489,548678.0244270267,7490470.928795699,544742.2326079733,7481278.0215973705,45.11261294521663,full
543202.63996715,7487147.17552805,Jeerinah_Formation,772.1791614854664,474,0.9250221093599172,-0.3799132758871811,545102.206346586,7491772.28607485,541303.0735877141,7482522.064981251,37.92064561009765,full
540319.91063627,7488085.645672238,Jeerinah_Formation,3699.2113386961237,1854,0.9370317842206966,-0.3492440913747549,542066.1310931437,7492770.804593342,538573.6901793962,7483400.4867511345,30.095253809934476,full
537104.590494935,7490617.359455499,Jeerinah_Formation,4396.114599811657,1923,-0.2680062527636291,-0.9634171726098708,541921.6763579844,7489277.328191681,532287.5046318857,7491957.390719317,25.942122151240156,full
538543.591276565,7492315.124099948,Jeerinah_Formation,2712.0094345778343,1223,-0.5231807325213079,-0.8522217558349866,542804.70005574,7489699.220437342,534282.48249739,7494931.027762555,26.81008465537483,full
540254.605414475,7493053.884972645,Jeerinah_Formation,3726.196538751006,1465,-0.9590559507620522,-0.2832166720161368,541670.6887745557,7488258.605218834,538838.5220543942,7497849.164726456,23.15908453996272,full
540254.605414475,7493053.884972645,Jeerinah_Formation,2204.5385020735293,867,-0.9590559507620522,-0.2832166720161368,541670.6887745557,7488258.605218834,538838.5220543942,7497849.164726456,23.15908453996272,full
542235.148421874,7493626.19171761,Jeerinah_Formation,1549.2317619952325,332,-0.6212279991990719,-0.7836298699074187,546153.2977714111,7490520.051721615,538316.9990723369,7496732.331713605,12.4042223370718,full
543964.2556911849,7494822.144813378,Jeerinah_Formation,1968.9646456782746,224,-0.9878808600600129,-0.15521406613799266,544740.3260218749,7489882.740513078,543188.1853604949,7499761.549113679,6.54209470888992,full
546546.90372805,7494973.655687965,Jeerinah_Formation,1974.7421011619501,358,-0.8700434460810805,-0.4929750520374817,549011.7789882374,7490623.43845756,544082.0284678625,7499323.872918371,10.46964277579471,full
548344.275169915,7495810.424958685,Jeerinah_Formation,2529.5633088852937,1309,-0.9700861723987828,-0.24276082492996906,549558.0792945649,7490959.994096692,547130.4710452652,7500660.855820679,31.16907167574366,full
550992.1052019,7496375.708284585,Jeerinah_Formation,2379.9606445108425,1612,-0.9884399073681882,-0.1516131574830089,551750.170989315,7491433.508747743,550234.039414485,7501317.907821426,42.63610156665088,full
552613.138899555,7496821.719504405,Jeerinah_Formation,2959.47494041059,1873,-0.9602364039756784,-0.27918819545220364,554009.079876816,7492020.537484527,551217.1979222939,7501622.901524283,39.281834138463,full
555816.46469988,7497113.000403293,Jeerinah_Formation,2578.574317917318,1284,-0.7297140535470552,-0.6837524406215494,559235.2269029877,7493464.430135558,552397.7024967723,7500761.570671028,29.877536833967625,full
561627.349130535,7499426.484221835,Jeerinah_Formation,2554.9451473299073,122,-0.987942441397846,-0.15482161504410122,562401.4572057555,7494486.772014845,560853.2410553145,7504366.196428824,2.753809857467715,full
541139.5260350851,7491254.13892524,Marra_Mamba_Iron_Formation,567.0337532417846,198,-0.6935281089163621,-0.7204295677877851,544741.6738740241,7487786.498380658,537537.3781961461,7494721.7794698225,20.48040538229351,full
542029.7649851771,7491640.4766544225,Marra_Mamba_Iron_Formation,592.4607256357046,173,-0.9994672983668608,-0.032636168513604964,542192.9458277451,7486643.140162588,541866.584142609,7496637.813146257,17.03986877129894,full
542755.8543134399,7492133.403606744,Marra_Mamba_Iron_Formation,448.9329688715813,107,-0.2919832528942762,-0.9564234313468472,547537.9714701741,7490673.487342272,537973.7371567057,7493593.319871215,13.84357218409906,full
543963.909843745,7492750.40993682,Marra_Mamba_Iron_Formation,602.1230567952974,87,-0.971181722094259,-0.2383402246160504,545155.6109668252,7487894.501326349,542772.2087206647,7497606.318547292,8.337311001245467,full
545359.67920943,7493382.411012583,Marra_Mamba_Iron_Formation,581.5892423689255,45,-0.99685068494128,-0.0793013993073332,545756.1862059666,7488398.1575878775,544963.1722128934,7498366.664437289,4.484438626143117,full
547769.2238605251,7493245.173961345,Marra_Mamba_Iron_Formation,432.57766484363333,254,-0.9991326154722392,0.04164152614401232,547561.016229805,7488249.510883984,547977.4314912452,7498240.837038706,35.961240597440906,full
549988.09013724,7493793.201207515,Marra_Mamba_Iron_Formation,649.7345051871071,511,-0.8001726227926363,-0.5997697672717035,552986.9389735985,7489792.338093552,546989.2413008815,7497794.064321478,51.97537037214408,full
551779.17041637,7493984.2196915215,Marra_Mamba_Iron_Formation,547.7268643081185,418,-0.9997699378231784,0.021449275629679687,551671.9240382216,7488985.370002406,551886.4167945185,7498983.069380637,49.81836126519538,full
554930.110308515,7493948.005395005,Marra_Mamba_Iron_Formation,377.66038681496246,243,-0.9987496934660584,-0.04999049711149437,555180.0627940726,7488954.256927676,554680.1578229575,7498941.753862335,40.056527998607876,full
556256.5728467996,7494494.128777468,Marra_Mamba_Iron_Formation,609.4558484934855,375,-0.7872266319624458,-0.6166637900258649,559339.891796929,7490557.995617655,553173.2538966703,7498430.26193728,38.02872123475663,full
557569.01962923,7495225.77688802,Marra_Mamba_Iron_Formation,708.4204307680599,386,-0.8832514829891139,-0.4688995817843421,559913.5175381517,7490809.519473075,555224.5217203083,7499642.034302966,33.08795226311006,full
551013.40051412,7475444.484611925,Boongal_Formation,1542.2874963730312,271,-3.421291249445878e-07,-0.9999999999999416,556013.4005141197,7475444.482901279,546013.4005141204,7475444.486322571,10.137635484809778,full
549724.4757396299,7479089.245121585,Boongal_Formation,1200.8043313267995,522,0.7209936911625906,-0.6929416261877641,553189.1838705688,7482694.213577398,546259.7676086911,7475484.276665772,25.815796709632608,full
544688.31081701,7482698.20564379,Boongal_Formation,787.9820515037318,588,0.9132864634218096,-0.4073178558944887,546724.9000964825,7487264.637960899,542651.7215375375,7478131.773326681,48.366680840818205,full
541339.14390038,7483777.665848755,Boongal_Formation,855.499378816158,709,0.9667648335120268,-0.25566727730482625,542617.4802869041,7488611.490016315,540060.8075138559,7478943.841681195,55.98213931960347,full
536845.6498151149,7485004.84982201,Boongal_Formation,793.2210451293123,651,0.9716974175557496,-0.2362289751818934,538026.7946910243,7489863.336909789,535664.5049392055,7480146.362734231,55.22816891504298,full
532897.99075132,7485987.55620496,Boongal_Formation,810.2208527424373,630,0.9823331105062206,-0.18714074917872173,533833.6944972136,7490899.221757491,531962.2870054265,7481075.890652428,51.148190860100705,full
530958.7192060449,7486726.774882008,Boongal_Formation,529.4885720222868,416,0.9082062541742232,-0.4185228785608099,533051.333598849,7491267.806152879,528866.1048132408,7482185.743611137,51.83504107276678,full
529311.517306815,7487061.2753985,Boongal_Formation,1107.6621882605675,818,0.980514144055946,0.1964485003919228,528329.2748048553,7491963.84611878,530293.7598087747,7482158.704678221,47.609067371608525,full
528273.5041751999,7487065.75587128,Boongal_Formation,1963.6157856296156,1273,0.9912809918580892,0.13176492393973094,527614.6795555012,7492022.16083057,528932.3287948986,7482109.35091199,40.43717999129867,full
524590.329585545,7485516.96912672,Boongal_Formation,2151.8789520453215,442,0.9444967224148814,0.3285208385286182,522947.7253929019,7490239.4527387945,526232.9337781881,7480794.485514645,11.868959721149437,full
522165.02084415,7484355.94129477,Boongal_Formation,1825.2053523219395,521,0.4959305100396847,0.8683622108381837,517823.2097899591,7486835.593844968,526506.831898341,7481876.288744572,16.590409636895004,full
521576.6008559134,7483594.112579176,Boongal_Formation,1949.8274967301943,618,0.5584046191905826,0.8295687320931403,517428.75719544775,7486386.1356751295,525724.4445163792,7480802.089483223,18.4861507350641,full
520096.16961973,7481932.65943623,Boongal_Formation,1940.880556596689,627,0.5469000551790419,0.8371979035121628,515910.18010216916,7484667.159712125,524282.1591372908,7479198.159160335,18.870371584218788,full
518356.989993905,7479294.363812312,Boongal_Formation,1563.093478375822,296,0.3812334198723427,0.9244788151020218,513734.5959183949,7481200.530911673,522979.3840694151,7477388.19671295,10.939224272297608,full
518271.630206175,7476729.665833035,Boongal_Formation,1581.4444278895708,288,-0.1912123554269429,0.9815486921860171,513363.8867452449,7475773.6040559,523179.37366710504,7477685.727610169,10.507036150607576,full
552385.033773055,7476360.270225679,Pyradie_Formation,2116.906560469496,438,0.32317874830349397,-0.9463379399796812,557116.7234729533,7477976.163967196,547653.3440731566,7474744.376484161,11.948733984177892,full
551316.663052405,7478610.042980805,Pyradie_Formation,2734.598861295071,1046,-0.0033816813672644355,-0.999994282099218,556316.634462901,7478593.134573969,546316.691641909,7478626.951387641,22.504030623596762,full
549829.6299273551,7480584.493680212,Pyradie_Formation,2291.5957176867187,1195,0.7809838267421795,-0.6245512487915956,552952.3861713131,7484489.412813922,546706.8736833971,7476679.574546501,31.443334528392995,full
547544.611240105,7482171.97652414,Pyradie_Formation,1781.286913838692,1145,0.8183681252763018,-0.5746943635809832,550418.08305801,7486263.817150521,544671.1394222,7478080.135897758,40.03364028096498,full
544826.061273685,7483513.709185135,Pyradie_Formation,1376.3027658166675,1017,0.8860625446997294,-0.4635657093446841,547143.8898204084,7487944.021908633,542508.2327269615,7479083.396461636,47.688839112524086,full
541765.6998997801,7484551.916359278,Pyradie_Formation,1255.3945363567418,969,0.9691937427665039,-0.24629959192466305,542997.1978594034,7489397.88507311,540534.2019401568,7479705.947645446,50.541075036950986,full
538818.619427325,7485318.874857595,Pyradie_Formation,1111.5672196829082,881,0.9498138678749068,-0.3128156268355359,540382.6975615027,7490067.944196969,537254.5412931473,7480569.805518221,52.43330468867143,full
534959.8089414351,7486275.324559525,Pyradie_Formation,1236.466072632689,907,0.9549756039678464,-0.296684337008625,536443.2306264782,7491050.202579364,533476.3872563919,7481500.446539685,47.25179222661967,full
532606.49094157,7486864.05461728,Pyradie_Formation,2363.8710616938324,1743,0.9945477338322422,0.10428233373468268,532085.0792728966,7491836.793286441,533127.9026102434,7481891.315948119,47.50751417246655,full
530922.8218449249,7487296.279399673,Pyradie_Formation,2534.0024080166963,1945,0.933098412284495,-0.35962112422959064,532720.9274660728,7491961.771461096,529124.716223777,7482630.787338251,50.13816620006161,full
528032.8276720203,7489016.739189269,Pyradie_Formation,1032.6523927421551,584,0.9704764115820059,0.2411960500566145,526826.8474217373,7493869.121247179,529238.8079223033,7484164.357131359,34.44725771845875,full
525585.310130765,7488124.48607607,Pyradie_Formation,2317.3378509925014,917,0.9057352323082252,0.4238439441062773,523466.0904102336,7492653.162237611,527704.5298512963,7483595.809914529,23.32198362915534,full
523569.053399905,7487393.714139685,Pyradie_Formation,2264.355994776442,510,0.93047551797822,0.3663540779671534,521737.2830100692,7492046.091729576,525400.8237897408,7482741.336549794,13.03448688243516,full
521332.754816585,7486527.43990215,Pyradie_Formation,1938.4658962192227,403,0.4948371505860062,0.8689857273856242,516987.82617965684,7489001.62565508,525677.6834535131,7484053.25414922,12.019632214890919,full
520509.5048068655,7485187.078102606,Pyradie_Formation,2256.993321480536,583,0.6899836994935551,0.7238249059221348,516890.3802772548,7488636.996600074,524128.62933647615,7481737.159605139,14.99591733748926,full
519662.9733406768,7484433.7423444325,Pyradie_Formation,2458.0393371796467,663,0.6436714203879104,0.7653019682294107,515836.46349952975,7487652.099446372,523489.48318182386,7481215.385242493,15.658283523794296,full
547753.8350012852,7510320.282011948,Jeerinah_Formation,1213.659644884404,77,0.34531816841635354,0.9384856752031832,543061.4066252692,7512046.87285403,552446.2633773012,7508593.691169865,3.6840432404585357,full
547027.550481735,7509682.885459905,Jeerinah_Formation,1039.927452661027,84,0.6875732049274624,0.7261150651692732,543396.9751558887,7513120.751484542,550658.1258075814,7506245.019435267,4.646306207894142,full
546695.155585795,7508001.401515905,Jeerinah_Formation,1843.507243154315,105,0.2147083334391752,0.976678212899096,541811.7645212995,7509074.943183101,551578.5466502904,7506927.859848709,3.2889821455337085,full
546014.759013635,7506684.40060121,Jeerinah_Formation,1798.2867333222032,183,0.4653036090510922,0.8851511460784697,541589.0032832427,7509010.918646466,550440.5147440273,7504357.882555954,5.851815816466015,full
544834.555891595,7504584.160442555,Jeerinah_Formation,1807.8376079319437,407,0.5231764536925421,0.8522243826021967,540573.433978584,7507200.042711018,549095.6778046059,7501968.278174093,13.03558159505421,full
543191.06041366,7502686.90124402,Jeerinah_Formation,1974.1896894126019,601,0.744902036546907,0.6671738573627346,539855.1911268464,7506411.411426755,546526.9297004737,7498962.3910612855,17.752514948838936,full
540160.8785374849,7500707.8894837005,Jeerinah_Formation,2069.6860619269964,504,0.9006396461788869,0.4345667126354358,537988.0449743078,7505211.087714595,542333.7121006621,7496204.691252806,14.097770585207357,full
538358.630043395,7499521.131193571,Jeerinah_Formation,2616.1519412634734,268,0.9192023166607776,0.3937856028925635,536389.7020289322,7504117.142776875,540327.5580578578,7494925.119610267,5.894464180275506,full
536111.50480916,7499055.86489067,Jeerinah_Formation,1638.5331921259735,71,0.9951340196362359,0.09853061941664333,535618.8517120768,7504031.534988851,536604.1579062432,7494080.1947924895,2.4874331320799428,full
533616.66043482,7499093.3452820135,Jeerinah_Formation,1671.3777884531364,413,0.9834451977615338,-0.1812058028866008,534522.689449253,7504010.571270822,532710.631420387,7494176.119293205,14.32788690265052,full
531113.081357185,7499412.074610745,Jeerinah_Formation,1286.8356467486246,596,0.9986512985029582,-0.051919013842285186,531372.6764263965,7504405.33110326,530853.4862879736,7494418.8181182295,27.595948585412685,full
529982.656860105,7499616.815493201,Jeerinah_Formation,1185.0396850504858,608,0.9490059699835841,0.315258098921371,528406.3663654982,7504361.8453431185,531558.9473547118,7494871.785643283,30.876638766687734,full
527645.949960775,7499305.78583385,Jeerinah_Formation,935.7145973772028,462,0.9976843220350906,0.06801465698936933,527305.8766758281,7504294.207444025,527986.0232457218,7494317.364223674,29.638600081669594,full
525263.2865317764,7499004.544484941,Jeerinah_Formation,1258.548575652464,551,0.9864084690577346,0.16431169213168065,524441.728071118,7503936.5868302295,526084.8449924348,7494072.502139653,25.97871279208678,full
555387.7999811401,7519979.234322995,Jeerinah_Formation,3674.512791096517,1507,-0.10614367402855283,0.9943508035214336,550416.0459635329,7519448.515952853,560359.5539987473,7520509.952693137,24.218738640250606,full
555785.245036455,7519285.71349123,Jeerinah_Formation,2925.744837899839,1154,-0.4237734306583617,0.9057682261307484,551256.4039058012,7517166.846337939,560314.0861671087,7521404.580644522,23.238925539569294,full
555290.009846865,7516636.38944213,Jeerinah_Formation,1811.756659714727,579,0.19167270565600394,0.9814589007729804,550382.715343,7517594.75297041,560197.3043507299,7515678.02591385,18.670161419333297,full
554873.6769496349,7514690.88029036,Jeerinah_Formation,2260.9988105259354,543,0.7448712932838791,0.6672081807364184,551537.6360459528,7518415.236756779,558209.717853317,7510966.523823941,13.91803183107784,full
551721.140040415,7513078.6253788965,Jeerinah_Formation,1533.205101224246,213,0.97565840604328,0.21929586114901034,550624.6607346699,7517956.917409113,552817.6193461601,7508200.33334868,8.013943788809769,full
549638.655827145,7512446.874801383,Jeerinah_Formation,1592.3029091943824,95,0.7587990637410351,0.6513247890766393,546382.0318817617,7516240.870120089,552895.2797725282,7508652.879482678,3.4396652116538604,full
548353.033844215,7510917.1341405315,Jeerinah_Formation,1683.4897309598473,72,0.5934776152683373,0.8048504955427482,544328.7813665012,7513884.522216873,552377.2863219287,7507949.74606419,2.4670643987124237,full
560849.59099171,7475805.59407085,Wittenoom_Formation,1267.1586147989626,54,0.3937295046557686,-0.9192263470786308,565445.7227271032,7477774.241594129,556253.4592563168,7473836.946547571,2.445666761840812,full
560809.9350963649,7477842.34147484,Wittenoom_Formation,708.7597863853259,31,0.12402952084342815,-0.9922785284179788,565771.3277384548,7478462.489079057,555848.5424542751,7477222.193870624,2.5141330241357167,full
516592.935088205,7509198.199476965,Mount_McRae_Shale_and_Mount_Sylvia_Formation,326.63469605073607,160,-0.9589036771738708,-0.2837318062932474,518011.5941196712,7504403.681091095,515174.27605673874,7513992.717862834,29.340047909800354,full
515828.154511115,7497090.91035152,Marra_Mamba_Iron_Formation,348.7495883981182,344,0.9417280196839288,0.3363752918128587,514146.2780520507,7501799.55044994,517510.0309701793,7492382.2702531,-999.0,full
530810.40087681,7508308.158851379,Turee_Creek_Group,2797.3143317635654,339,-0.9874378657738884,-0.15800778852926367,531600.4398194563,7503370.969522509,530020.3619341636,7513245.348180248,6.968322050717177,min
530525.939944135,7506164.626228375,Turee_Creek_Group,2855.7949395873297,727,0.9162541945174516,0.4005973677262197,528522.9531055039,7510745.8972009625,532528.9267827661,7501583.355255788,14.767960814522311,min
524138.96509864007,7504392.520432158,Turee_Creek_Group,2139.2971764349195,445,0.98692891520403,0.16115618614932592,523333.1841678934,7509327.165008179,524944.7460293866,7499457.875856138,12.023471473411036,min
524138.96509864007,7504392.520432158,Turee_Creek_Group,2139.2971764349195,445,0.98692891520403,0.16115618614932592,523333.1841678934,7509327.165008179,524944.7460293866,7499457.875856138,12.023471473411036,min
524138.96509864007,7504392.520432158,Turee_Creek_Group,2139.2971764349195,445,0.98692891520403,0.16115618614932592,523333.1841678934,7509327.165008179,524944.7460293866,7499457.875856138,12.023471473411036,min
518728.796676455,7503477.70921311,Turee_Creek_Group,1982.36523218864,1011,0.9778254102356736,0.20942174456688253,517681.68795362057,7508366.836264288,519775.90539928945,7498588.582161931,30.693394377571494,min
518728.796676455,7503477.70921311,Turee_Creek_Group,1982.36523218864,1011,0.9778254102356736,0.20942174456688253,517681.68795362057,7508366.836264288,519775.90539928945,7498588.582161931,30.693394377571494,min
518728.796676455,7503477.70921311,Turee_Creek_Group,1982.36523218864,1011,0.9778254102356736,0.20942174456688253,517681.68795362057,7508366.836264288,519775.90539928945,7498588.582161931,30.693394377571494,min
517175.539202445,7505894.20672981,Turee_Creek_Group,2116.445165652356,1200,-0.9748336900670443,-0.222933345891254,518290.2059319013,7501020.038279475,516060.87247298873,7510768.375180145,34.55561140749391,min
517175.539202445,7505894.20672981,Turee_Creek_Group,2116.445165652356,1200,-0.9748336900670443,-0.222933345891254,518290.2059319013,7501020.038279475,516060.87247298873,7510768.375180145,34.55561140749391,min
523045.3184077,7506886.272737345,Turee_Creek_Group,2282.109118468513,1086,-0.9849519482509824,-0.17282841096473006,523909.4604625236,7501961.51299609,522181.17635287635,7511811.0324786,28.42282844788496,min
523045.3184077,7506886.272737345,Turee_Creek_Group,2282.109118468513,1086,-0.9849519482509824,-0.17282841096473006,523909.4604625236,7501961.51299609,522181.17635287635,7511811.0324786,28.42282844788496,min
515837.53465241037,7502432.199079879,Turee_Creek_Group,3390.6915521185542,3348,0.979662896399417,-0.2006504657814313,516840.7869813175,7507330.513561876,514834.2823235032,7497533.884597882,-999.0,min
554490.28596142,7475756.810182487,Bunjinah_Formation,3004.9237135836083,268,0.0997029102155516,-0.9950172509532432,559465.3722161863,7476255.324733565,549515.1997066538,7475258.295631409,5.126583090900553,min
554490.28596142,7475756.810182487,Bunjinah_Formation,3004.9237135836083,268,0.0997029102155516,-0.9950172509532432,559465.3722161863,7476255.324733565,549515.1997066538,7475258.295631409,5.126583090900553,min
554490.28596142,7475756.810182487,Bunjinah_Formation,1951.2651129038316,174,0.0997029102155516,-0.9950172509532432,559465.3722161863,7476255.324733565,549515.1997066538,7475258.295631409,5.126583090900553,min
554388.75044691,7477135.29513733,Bunjinah_Formation,3051.5616966075536,651,-0.004485592268830261,-0.9999899396803941,559388.700145312,7477112.867175986,549388.8007485081,7477157.723098674,12.330506069058416,min
554388.75044691,7477135.29513733,Bunjinah_Formation,3051.5616966075536,651,-0.004485592268830261,-0.9999899396803941,559388.700145312,7477112.867175986,549388.8007485081,7477157.723098674,12.330506069058416,min
554388.75044691,7477135.29513733,Bunjinah_Formation,2364.5637213116943,504,-0.004485592268830261,-0.9999899396803941,559388.700145312,7477112.867175986,549388.8007485081,7477157.723098674,12.330506069058416,min
553862.990218275,7479002.0245584035,Bunjinah_Formation,4756.880530881083,1765,0.20159761802531853,-0.9794684274679392,558760.3323556146,7480010.01264853,548965.6480809354,7477994.036468277,21.78400183413524,min
553862.990218275,7479002.0245584035,Bunjinah_Formation,2765.2299812379047,1026,0.20159761802531853,-0.9794684274679392,558760.3323556146,7480010.01264853,548965.6480809354,7477994.036468277,21.78400183413524,min
553862.990218275,7479002.0245584035,Bunjinah_Formation,2765.2299812379047,1026,0.20159761802531853,-0.9794684274679392,558760.3323556146,7480010.01264853,548965.6480809354,7477994.036468277,21.78400183413524,min
553862.990218275,7479002.0245584035,Bunjinah_Formation,2552.663307195828,947,0.20159761802531853,-0.9794684274679392,558760.3323556146,7480010.01264853,548965.6480809354,7477994.036468277,21.78400183413524,min
551796.136145095,7481851.776077162,Bunjinah_Formation,4687.643071288193,2581,0.6375810447683513,-0.7703832885986672,555648.0525880883,7485039.681301003,547944.2197021017,7478663.87085332,33.41393536109639,min
551796.136145095,7481851.776077162,Bunjinah_Formation,4003.1553481484416,2204,0.6375810447683513,-0.7703832885986672,555648.0525880883,7485039.681301003,547944.2197021017,7478663.87085332,33.41393536109639,min
551796.136145095,7481851.776077162,Bunjinah_Formation,2996.502053842808,1650,0.6375810447683513,-0.7703832885986672,555648.0525880883,7485039.681301003,547944.2197021017,7478663.87085332,33.41393536109639,min
551796.136145095,7481851.776077162,Bunjinah_Formation,1906.2560020044245,1049,0.6375810447683513,-0.7703832885986672,555648.0525880883,7485039.681301003,547944.2197021017,7478663.87085332,33.41393536109639,min
551796.136145095,7481851.776077162,Bunjinah_Formation,1906.2560020044245,1049,0.6375810447683513,-0.7703832885986672,555648.0525880883,7485039.681301003,547944.2197021017,7478663.87085332,33.41393536109639,min
551796.136145095,7481851.776077162,Bunjinah_Formation,1906.2560020044245,1049,0.6375810447683513,-0.7703832885986672,555648.0525880883,7485039.681301003,547944.2197021017,7478663.87085332,33.41393536109639,min
550539.3441745751,7482718.998923675,Bunjinah_Formation,3921.2787598157643,2408,0.8950640636437222,-0.4459375763193621,552769.0320561719,7487194.3192418935,548309.6562929782,7478243.678605457,37.890985750548644,min
550539.3441745751,7482718.998923675,Bunjinah_Formation,2495.8114899011207,1532,0.8950640636437222,-0.4459375763193621,552769.0320561719,7487194.3192418935,548309.6562929782,7478243.678605457,37.890985750548644,min
550539.3441745751,7482718.998923675,Bunjinah_Formation,2495.8114899011207,1532,0.8950640636437222,-0.4459375763193621,552769.0320561719,7487194.3192418935,548309.6562929782,7478243.678605457,37.890985750548644,min
550539.3441745751,7482718.998923675,Bunjinah_Formation,1627.715951282756,999,0.8950640636437222,-0.4459375763193621,552769.0320561719,7487194.3192418935,548309.6562929782,7478243.678605457,37.890985750548644,min
550539.3441745751,7482718.998923675,Bunjinah_Formation,1627.715951282756,999,0.8950640636437222,-0.4459375763193621,552769.0320561719,7487194.3192418935,548309.6562929782,7478243.678605457,37.890985750548644,min
550539.3441745751,7482718.998923675,Bunjinah_Formation,1627.715951282756,999,0.8950640636437222,-0.4459375763193621,552769.0320561719,7487194.3192418935,548309.6562929782,7478243.678605457,37.890985750548644,min
547214.235456385,7484232.743273875,Bunjinah_Formation,3878.2785117091885,2750,0.9247787104655406,-0.3805053700931061,549116.7623068505,7488856.636826202,545311.7086059194,7479608.849721547,45.17977616163809,min
547214.235456385,7484232.743273875,Bunjinah_Formation,2273.8679631061714,1612,0.9247787104655406,-0.3805053700931061,549116.7623068505,7488856.636826202,545311.7086059194,7479608.849721547,45.17977616163809,min
547214.235456385,7484232.743273875,Bunjinah_Formation,1292.6592528184967,916,0.9247787104655406,-0.3805053700931061,549116.7623068505,7488856.636826202,545311.7086059194,7479608.849721547,45.17977616163809,min
547214.235456385,7484232.743273875,Bunjinah_Formation,1292.6592528184967,916,0.9247787104655406,-0.3805053700931061,549116.7623068505,7488856.636826202,545311.7086059194,7479608.849721547,45.17977616163809,min
547214.235456385,7484232.743273875,Bunjinah_Formation,1292.6592528184967,916,0.9247787104655406,-0.3805053700931061,549116.7623068505,7488856.636826202,545311.7086059194,7479608.849721547,45.17977616163809,min
544521.916444195,7485087.449798222,Bunjinah_Formation,4326.186738967091,3123,0.9089335261948828,-0.4169410569360334,546606.6217288751,7489632.117429196,542437.2111595148,7480542.7821672475,46.22482316943678,min
544521.916444195,7485087.449798222,Bunjinah_Formation,2272.908180433831,1641,0.9089335261948828,-0.4169410569360334,546606.6217288751,7489632.117429196,542437.2111595148,7480542.7821672475,46.22482316943678,min
544521.916444195,7485087.449798222,Bunjinah_Formation,2272.908180433831,1641,0.9089335261948828,-0.4169410569360334,546606.6217288751,7489632.117429196,542437.2111595148,7480542.7821672475,46.22482316943678,min
544521.916444195,7485087.449798222,Bunjinah_Formation,1504.3773412206426,1086,0.9089335261948828,-0.4169410569360334,546606.6217288751,7489632.117429196,542437.2111595148,7480542.7821672475,46.22482316943678,min
544521.916444195,7485087.449798222,Bunjinah_Formation,1504.3773412206426,1086,0.9089335261948828,-0.4169410569360334,546606.6217288751,7489632.117429196,542437.2111595148,7480542.7821672475,46.22482316943678,min
544521.916444195,7485087.449798222,Bunjinah_Formation,1306.657633334775,943,0.9089335261948828,-0.4169410569360334,546606.6217288751,7489632.117429196,542437.2111595148,7480542.7821672475,46.22482316943678,min
541072.9553524151,7485968.65500438,Bunjinah_Formation,3467.6700993843165,2419,0.9781467928980914,-0.2079154913496782,542112.5328091634,7490859.388968871,540033.3778956668,7481077.92103989,44.23972409835066,min
541072.9553524151,7485968.65500438,Bunjinah_Formation,3037.009835692066,2118,0.9781467928980914,-0.2079154913496782,542112.5328091634,7490859.388968871,540033.3778956668,7481077.92103989,44.23972409835066,min
541072.9553524151,7485968.65500438,Bunjinah_Formation,3037.009835692066,2118,0.9781467928980914,-0.2079154913496782,542112.5328091634,7490859.388968871,540033.3778956668,7481077.92103989,44.23972409835066,min
541072.9553524151,7485968.65500438,Bunjinah_Formation,1813.5147417160063,1265,0.9781467928980914,-0.2079154913496782,542112.5328091634,7490859.388968871,540033.3778956668,7481077.92103989,44.23972409835066,min
541072.9553524151,7485968.65500438,Bunjinah_Formation,1813.5147417160063,1265,0.9781467928980914,-0.2079154913496782,542112.5328091634,7490859.388968871,540033.3778956668,7481077.92103989,44.23972409835066,min
541072.9553524151,7485968.65500438,Bunjinah_Formation,1241.3259876695206,866,0.9781467928980914,-0.2079154913496782,542112.5328091634,7490859.388968871,540033.3778956668,7481077.92103989,44.23972409835066,min
537680.820477725,7486770.114894,Bunjinah_Formation,4086.4643642072742,2742,0.9839103325631696,-0.17866297175249568,538574.1353364874,7491689.666556816,536787.5056189626,7481850.563231184,42.16274511334415,min
537680.820477725,7486770.114894,Bunjinah_Formation,2233.7578116382365,1499,0.9839103325631696,-0.17866297175249568,538574.1353364874,7491689.666556816,536787.5056189626,7481850.563231184,42.16274511334415,min
537680.820477725,7486770.114894,Bunjinah_Formation,1920.2608502102182,1288,0.9839103325631696,-0.17866297175249568,538574.1353364874,7491689.666556816,536787.5056189626,7481850.563231184,42.16274511334415,min
537680.820477725,7486770.114894,Bunjinah_Formation,1099.6964362806357,738,0.9839103325631696,-0.17866297175249568,538574.1353364874,7491689.666556816,536787.5056189626,7481850.563231184,42.16274511334415,min
534464.9051948499,7487840.579698315,Bunjinah_Formation,4546.467151543508,2670,0.8841916476471784,-0.4671243198881514,536800.5267942908,7492261.537936551,532129.2835954091,7483419.621460079,35.977291723584365,min
534464.9051948499,7487840.579698315,Bunjinah_Formation,2217.015257527159,1302,0.8841916476471784,-0.4671243198881514,536800.5267942908,7492261.537936551,532129.2835954091,7483419.621460079,35.977291723584365,min
534464.9051948499,7487840.579698315,Bunjinah_Formation,1424.7613878792324,836,0.8841916476471784,-0.4671243198881514,536800.5267942908,7492261.537936551,532129.2835954091,7483419.621460079,35.977291723584365,min
531780.596322705,7489707.555186695,Bunjinah_Formation,3232.102675440978,1631,0.7526872780919411,-0.6583782054401139,535072.4873499057,7493470.991577155,528488.7052955044,7485944.118796236,30.309541161229802,min
531780.596322705,7489707.555186695,Bunjinah_Formation,2733.7222573083036,1379,0.7526872780919411,-0.6583782054401139,535072.4873499057,7493470.991577155,528488.7052955044,7485944.118796236,30.309541161229802,min
528939.26406589,7491985.535384455,Bunjinah_Formation,3071.2574122355804,1287,0.9615459397377158,-0.2746441438915321,530312.4847853476,7496793.2650831435,527566.0433464324,7487177.805685766,24.791552666951887,min
529084.89519706,7489849.276810699,Bunjinah_Formation,3349.1824841794405,1862,0.8861449646234248,-0.4634081372532736,531401.9358833263,7494280.001633816,526767.8545107936,7485418.551987582,33.794802298306124,min
524427.800684595,7490106.984783055,Bunjinah_Formation,4246.958726899227,1362,0.8347593357568267,0.5506149756107452,521674.7258065413,7494280.78146184,527180.8755626488,7485933.188104271,18.71848594516561,min
524427.800684595,7490106.984783055,Bunjinah_Formation,2310.6090090825505,741,0.8347593357568267,0.5506149756107452,521674.7258065413,7494280.78146184,527180.8755626488,7485933.188104271,18.71848594516561,min
522574.225083015,7489483.708578745,Bunjinah_Formation,4119.620816678995,854,0.9947921995258588,0.10192389201018442,522064.60562296404,7494457.669576374,523083.84454306593,7484509.747581116,11.977309792915534,min
522574.225083015,7489483.708578745,Bunjinah_Formation,2387.2822240280557,495,0.9947921995258588,0.10192389201018442,522064.60562296404,7494457.669576374,523083.84454306593,7484509.747581116,11.977309792915534,min
520254.979796135,7488560.43391682,Bunjinah_Formation,2172.279478485018,318,0.4912508198702077,0.8710181582360087,515899.88900495495,7491016.688016172,524610.070587315,7486104.179817469,8.429077606395623,min
518603.825386835,7486376.909246735,Bunjinah_Formation,4199.059259825544,843,0.7797512326709314,0.6260894625755675,515473.3780739571,7490275.66541009,521734.27269971283,7482478.15308338,11.585571814238904,min
518603.825386835,7486376.909246735,Bunjinah_Formation,2169.4667933438336,435,0.7797512326709314,0.6260894625755675,515473.3780739571,7490275.66541009,521734.27269971283,7482478.15308338,11.585571814238904,min
517190.9159653771,7485837.452145081,Bunjinah_Formation,2865.3615813633455,597,0.8570692364020771,0.5152012461292775,514614.9097347307,7490122.798327091,519766.9221960235,7481552.105963071,12.031324368899845,min
516311.19005327,7485036.620782515,Bunjinah_Formation,4786.049371346455,1015,-0.1915858885419979,0.9814758516191692,511403.81079517415,7484078.691339805,521218.5693113659,7485994.550225225,12.253391323635526,min
515761.05441646033,7484453.427495723,Bunjinah_Formation,4079.159193901049,4028,0.9309079447381076,0.3652538821470246,513934.7850057252,7489107.967219413,517587.32382719545,7479798.887772032,-999.0,min
