X,Y,Z,azimuth,dip,polarity,formation,group
334666.0854638085,7546699.778367231,409.,439.4881310061835,36,1,P__TAc_sg,Officer Basin
336140.91116755,7546973.437175939,463.,619.4881310061835,36,1,P__TAc_sg,Officer Basin
405013.30875984335,7500149.042054325,433.36115,41.03016704215872,20,1,P__mgnu_PTRO,Talbot and Connaughton Domains Rudall Complex
404028.62430480926,7499017.495977484,423.92596,221.03016704215872,20,1,P__THb_shh,Throssell Range Group of Yeneena Basin
404054.39059813553,7500860.205478273,433.36115,34.42029177964662,20,1,P__mgnu_PTRO,Talbot and Connaughton Domains Rudall Complex
403206.50181488204,7499622.835440155,422.83054,214.42029177964662,20,1,P__THc_stq,Throssell Range Group of Yeneena Basin
402039.38373955863,7502711.04125232,415.91257,37.065869961545786,6,1,P__mgnu_PTRO,Talbot and Connaughton Domains Rudall Complex
401135.284577469,7501514.1265915735,426.82016,217.0658699615458,6,1,P__THb_shh,Throssell Range Group of Yeneena Basin
400330.1202078666,7503559.905156282,436.7911,19.997547414350095,35,1,P__mgnu_PTRO,Talbot and Connaughton Domains Rudall Complex
399817.15032964136,7502150.34426578,429.7369,199.9975474143501,35,1,P__THb_shh,Throssell Range Group of Yeneena Basin
398130.8103852293,7504589.367495578,433.68607,40.77308513016584,12,1,P__mgnu_PTRO,Talbot and Connaughton Domains Rudall Complex
397151.2129885233,7503453.414617872,436.0413,220.77308513016584,12,1,P__THc_stq,Throssell Range Group of Yeneena Basin
397237.1789288641,7505274.455325919,448.3273,31.598932941714907,11,1,P__md_PTRB,Talbot and Connaughton Domains Rudall Complex
396451.2238634805,7503996.850287107,436.0413,211.5989329417149,11,1,P__THc_stq,Throssell Range Group of Yeneena Basin
429191.8115400771,7531179.321539933,336.02887,220.96229194746826,27,1,P__THb_shh,Throssell Range Group of Yeneena Basin
428208.4682548108,7530046.609756945,344.35617,400.96229194746826,27,1,P__THc_stq,Throssell Range Group of Yeneena Basin
427721.25474209676,7532313.076983142,349.32446,213.69006231496866,29,1,P__THb_shh,Throssell Range Group of Yeneena Basin
426889.20456127054,7531065.00146596,396.73636,393.69006231496866,29,1,P__THc_stq,Throssell Range Group of Yeneena Basin
426444.80726006586,7533197.964980745,352.0969,215.81116820086908,18,1,P__THb_shh,Throssell Range Group of Yeneena Basin
425567.1336231329,7531981.5403069435,366.0809,395.8111682008691,18,1,P__THb_shh,Throssell Range Group of Yeneena Basin
424383.0773982443,7534562.208039276,358.12012,212.38637351989985,7,1,P__THb_shh,Throssell Range Group of Yeneena Basin
423579.63843439776,7533295.525035769,364.7002,392.38637351989985,7,1,P__THb_shh,Throssell Range Group of Yeneena Basin
422443.05644781917,7535892.003356959,367.039,218.8408350198725,19,1,P__THb_shh,Throssell Range Group of Yeneena Basin
421502.31781181943,7534723.666582421,375.7072,398.8408350198725,19,1,P__THb_shh,Throssell Range Group of Yeneena Basin
420675.0279807103,7537466.251281717,375.97183,223.0250646508053,24,1,P__THb_shh,Throssell Range Group of Yeneena Basin
419651.5506307843,7536369.668355445,386.26706,403.0250646508053,24,1,P__THb_shh,Throssell Range Group of Yeneena Basin
418488.2171419897,7539512.999509931,375.039,223.20127050903523,7,1,P__THb_shh,Throssell Range Group of Yeneena Basin
417461.37223650486,7538419.56933837,385.88736,403.2012705090352,7,1,P__THb_shh,Throssell Range Group of Yeneena Basin
417024.6042413853,7540826.776255748,363.,218.80367224996832,21,1,P__THb_shh,Throssell Range Group of Yeneena Basin
416084.6236012788,7539657.82955199,374.97128,398.8036722499683,21,1,P__THb_shh,Throssell Range Group of Yeneena Basin
423770.0651170319,7621447.602680711,248.81175,410.7161142481616,-999,1,P__LAw_stq,Lamil Group of Yeneena Basin
424931.0925901182,7622397.3474920895,256.85397,590.7161142481616,-999,1,P__LAw_stq,Lamil Group of Yeneena Basin
425617.021282681,7619024.452504585,253.83252,414.03617698111634,-999,1,P__LAw_stq,Lamil Group of Yeneena Basin
426831.1032302718,7619905.363978306,253.83252,594.0361769811163,-999,1,P__LAw_stq,Lamil Group of Yeneena Basin
421298.7551248963,7637353.346516835,268.74847,51.59673771726739,-999,1,P__LAm_stq,Lamil Group of Yeneena Basin
420123.2679907853,7636421.55791552,262.24286,231.5967377172674,-999,1,P__LAm_stq,Lamil Group of Yeneena Basin
420196.7153848521,7639099.104674404,280.8747,62.81888589336472,-999,1,P__LAm_stq,Lamil Group of Yeneena Basin
418862.3648937671,7638413.897576555,262.15198,242.81888589336472,-999,1,P__LAm_stq,Lamil Group of Yeneena Basin
419369.749788761,7640663.983423756,280.8747,60.642256861997,-999,1,P__LAm_stq,Lamil Group of Yeneena Basin
418062.3863495287,7639928.591801722,265.2266,240.642256861997,-999,1,P__LAm_stq,Lamil Group of Yeneena Basin
418836.2413764574,7641582.789397869,272.02347,59.03623722906411,-999,1,P__LAm_stq,Lamil Group of Yeneena Basin
417550.00207192276,7640811.0456246715,254.02019,239.0362372290641,-999,1,P__LAm_stq,Lamil Group of Yeneena Basin
418172.0343638687,7642750.1583945,272.02347,61.1328427965592,-999,1,P__LAm_stq,Lamil Group of Yeneena Basin
416858.4222521133,7642025.987682686,254.02019,241.1328427965592,-999,1,P__LAm_stq,Lamil Group of Yeneena Basin
417599.19749345246,7643954.717851114,256.32455,69.77514384939929,-999,1,P__LAp_kd,Lamil Group of Yeneena Basin
416191.68278853584,7643436.159893463,256.32455,249.77514384939929,-999,1,P__LAp_kd,Lamil Group of Yeneena Basin
417153.3993777885,7645329.733220804,256.09274,73.48218765568441,-999,1,P__LAp_kd,Lamil Group of Yeneena Basin
415715.3022887491,7644903.26310169,255.77882,253.4821876556844,-999,1,P__LAp_kd,Lamil Group of Yeneena Basin
416535.4412922824,7646910.485528282,256.645,62.09174607246388,-999,1,P__LAp_kd,Lamil Group of Yeneena Basin
415209.8939746028,7646208.39984363,255.77882,242.09174607246388,-999,1,P__LAp_kd,Lamil Group of Yeneena Basin
308890.50054552814,7571093.237112329,330.,260.0539024850384,22,1,AP___pj_ccx,Hamersley Group
307413.04452374077,7570834.154685901,330.,440.0539024850384,22,1,AP___pj_ccx,Hamersley Group
309239.024295808,7589024.295006045,352.,287.2833095278653,27,1,AP___pj_ccx,Hamersley Group
307806.75321772153,7589469.940110222,318.,467.2833095278653,27,1,AP___pj_ccx,Hamersley Group
429572.9779660183,7629482.701986832,286.20047,261.8184084086698,-999,1,P__LAm_stq,Lamil Group of Yeneena Basin
431057.7109730575,7629696.168372496,302.87814,441.8184084086698,-999,1,P__LAm_stq,Lamil Group of Yeneena Basin
431275.2580367988,7624336.538308948,277.04602,241.92751759279815,77,1,P___is_kx,Throssell Range Group of Yeneena Basin
432598.78750435635,7625042.420557277,280.9734,421.92751759279815,77,1,P___is_kx,Throssell Range Group of Yeneena Basin
434886.49256429804,7618591.682971448,265.11993,230.26728745523053,76,1,P__LAm_stq,Lamil Group of Yeneena Basin
436040.04466010275,7619550.493464854,270.87415,410.26728745523053,76,1,P__LAm_stq,Lamil Group of Yeneena Basin
376624.8479969585,7558199.216838271,357.73633,244.11297820316952,24,1,P__THb_shh,Throssell Range Group of Yeneena Basin
377974.3330422908,7558854.113862562,344.33447,424.1129782031695,24,1,P__THc_stq,Throssell Range Group of Yeneena Basin
377718.1981352743,7556149.415927925,348.75772,239.5344518218792,17,1,P__THc_stq,Throssell Range Group of Yeneena Basin
379011.09941475623,7556909.9461913025,345.66534,419.5344518218792,17,1,P__THc_stq,Throssell Range Group of Yeneena Basin
380586.2275115831,7551040.199898258,398.29016,248.5063516937364,24,1,P__THc_stq,Throssell Range Group of Yeneena Basin
381981.91479935264,7551589.797018664,374.32056,428.5063516937364,24,1,P__THc_stq,Throssell Range Group of Yeneena Basin
381268.4891669347,7549154.992399418,427.3839,254.34112963978248,22,1,P__THc_stq,Throssell Range Group of Yeneena Basin
382712.8177893244,7549559.856364899,431.62082,434.3411296397825,22,1,P__THc_stq,Throssell Range Group of Yeneena Basin
390281.13012043724,7541600.420201349,418.13245,222.82107214492157,57,1,P__THc_stq,Throssell Range Group of Yeneena Basin
391300.6967827877,7542700.640098018,420.1123,402.8210721449216,57,1,P__THc_stq,Throssell Range Group of Yeneena Basin
308034.76993351,7602540.544399729,265.57434,284.050258218861,9,1,A_HAc_kds,Hamersley Group
306579.645214436,7602904.703776842,287.,464.050258218861,9,1,A_HAc_kds,Hamersley Group
308895.3701628367,7606905.805247306,254.,275.26963268451266,12,1,P__TAa_kt,Officer Basin
307401.7098893924,7607043.569493518,279.,455.26963268451266,12,1,AP___pj_ccx,Hamersley Group
308868.9881359719,7609631.878041148,250.,262.4101402603188,9,1,CP__pa_sepg,Canning Basin
307382.1297385918,7609433.75659824,291.,442.4101402603188,9,1,A_HAc_kds,Hamersley Group
306698.7274150701,7615201.482860126,239.,230.30248992038628,5,1,CP__pa_sepg,Canning Basin
305544.586444894,7614243.381288808,258.,410.3024899203863,5,1,AP___pj_ccx,Hamersley Group
394500.1300632442,7636974.7448592,238.0741,50.92750313371113,-999,1,P__LAm_stq,Lamil Group of Yeneena Basin
393335.6064810473,7636029.290033992,234.9622,230.92750313371113,-999,1,P__LAp_kd,Lamil Group of Yeneena Basin
393088.12668534304,7638727.259426514,232.20598,52.94582718509139,-999,1,P__LAm_stq,Lamil Group of Yeneena Basin
391891.0274743323,7637823.404637845,238.83864,232.9458271850914,-999,1,P__LAm_stq,Lamil Group of Yeneena Basin
391954.88436905935,7640351.443162261,233.04124,55.38601310216205,-999,1,P__LAm_stq,Lamil Group of Yeneena Basin
390720.3877838702,7639499.376157174,234.02048,235.38601310216205,-999,1,P__LAm_stq,Lamil Group of Yeneena Basin
389977.2047889617,7643520.516849512,235.93161,60.30927381302865,-999,1,P__LAm_stq,Lamil Group of Yeneena Basin
388674.13724302384,7642777.5397497825,233.09209,240.30927381302865,-999,1,P__LAm_stq,Lamil Group of Yeneena Basin
388160.63448299543,7646749.962559501,234.86041,61.049006189439865,41,1,CP__pa_sepg,Canning Basin
386848.0834016662,7646023.87051375,235.11412,241.04900618943987,41,1,CP__pa_sepg,Canning Basin
389078.60235948977,7653687.205086705,237.94058,419.90749302856796,38,1,P__po_st,Canning Basin
390376.427859118,7654439.3014718285,237.0707,599.907493028568,38,1,P__po_st,Canning Basin
392731.69292056095,7648162.864654691,233.80174,409.6668585821674,44,1,CP__pa_sepg,Canning Basin
393875.13404288515,7649133.710883389,234.82484,589.6668585821674,44,1,CP__pa_sepg,Canning Basin
396043.9994589062,7644605.914657619,232.13994,404.9380202984563,48,1,P__LAw_stq,Lamil Group of Yeneena Basin
397103.51164133294,7645667.721577585,234.93622,584.9380202984563,48,1,CP__pa_sepg,Canning Basin
530385.1814205023,7423163.503603974,341.88684,402.5295439955245,51,1,P__BU_xs_k,Officer Basin
531399.1368517033,7424268.896920191,358.1254,582.5295439955245,51,1,P__BU_xs_k,Officer Basin
533815.4627790311,7421047.880957851,345.63385,378.2967754762051,44,1,P__BU_xs_k,Officer Basin
534286.3713137927,7422472.045678623,352.65338,558.2967754762051,44,1,P__BU_xs_k,Officer Basin
538740.5872706118,7420158.946948916,353.03125,365.8581727098956,38,1,P__BU_xs_k,Officer Basin
538893.6867995142,7421651.113338515,348.11774,545.8581727098956,38,1,P__BU_xs_k,Officer Basin
403199.72730341856,7494515.761984226,400.90417,226.491144872954,16,1,P__THb_shh,Throssell Range Group of Yeneena Basin
404287.6292679842,7495548.461996569,407.9106,406.491144872954,16,1,P__THb_shh,Throssell Range Group of Yeneena Basin
404865.2884702257,7492618.314390826,395.86362,231.74558440809585,11,1,P__THb_shh,Throssell Range Group of Yeneena Basin
406043.19229583413,7493547.046094612,399.05502,411.74558440809585,11,1,P__THb_shh,Throssell Range Group of Yeneena Basin
406579.3398351129,7490605.428597284,394.8903,227.96485889359803,5,1,P__THb_shh,Throssell Range Group of Yeneena Basin
407693.441268891,7491609.808005302,398.91455,407.96485889359803,5,1,P__THb_shh,Throssell Range Group of Yeneena Basin
407944.2580423057,7489105.790151895,394.10123,226.93059833470852,16,1,P__THb_shh,Throssell Range Group of Yeneena Basin
409040.0486460463,7490130.115760651,395.15692,406.9305983347085,16,1,P__THb_shh,Throssell Range Group of Yeneena Basin
408593.1578498902,7488383.938689085,389.95407,229.2891404503772,20,1,P__THb_shh,Throssell Range Group of Yeneena Basin
409730.1739406567,7489362.301816629,395.15692,409.2891404503772,20,1,P__THb_shh,Throssell Range Group of Yeneena Basin
409236.61958617775,7487500.729281008,389.95407,236.8643986262001,26,1,P__THb_shh,Throssell Range Group of Yeneena Basin
410492.6884287178,7488320.662853196,392.95657,416.8643986262001,26,1,P__THb_shh,Throssell Range Group of Yeneena Basin
292879.06798164785,7639732.653660328,245.,423.84249780798814,30,1,CP__pa_sepg,Canning Basin
294225.4463808904,7640393.913976734,232.,603.8424978079881,30,1,CP__pa_sepg,Canning Basin
295313.91427772195,7633536.915226975,222.,434.6488089053196,26,1,CP__pa_sepg,Canning Basin
296760.39619066956,7633934.017324068,217.,614.6488089053196,26,1,CP__pa_sepg,Canning Basin
297884.29572018946,7622116.788261228,231.,414.03707260615465,15,1,A_HAc_kds,Hamersley Group
299098.3914376929,7622997.6807567915,251.,594.0370726061547,15,1,AP___pj_ccx,Hamersley Group
301561.9512099609,7618300.242881186,245.,403.013018584425,5,1,A_HAc_kds,Hamersley Group
302585.197987814,7619397.0409627,285.,583.013018584425,5,1,A_HAc_kds,Hamersley Group
304450.88739628537,7615560.359805768,279.,410.29007280814244,6,1,AP___pj_ccx,Hamersley Group
305604.82070007356,7616518.711479429,246.,590.2900728081424,6,1,CP__pa_sepg,Canning Basin
329423.475304085,7534140.228588719,404.,259.7201991824005,6,1,A_FOm_b,Fortescue Group
330899.39732227084,7534407.911603186,417.,439.7201991824005,6,1,A_FOm_b,Fortescue Group
329732.84559853334,7530705.280450936,423.,268.92301039443487,5,1,A_FOm_b,Fortescue Group
331232.58061051666,7530733.474312529,428.,448.92301039443487,5,1,A_FOm_b,Fortescue Group
329861.4589484188,7526220.286406495,424.,267.90400925028257,3,1,A_FOm_b,Fortescue Group
331360.4553816112,7526275.147077987,428.,447.90400925028257,3,1,A_FOm_b,Fortescue Group
438084.44889555854,7604929.748162775,252.73987,412.1172081520825,-999,1,P__LAw_stq,Lamil Group of Yeneena Basin
439268.3517100459,7605850.820432388,252.73987,592.1172081520825,-999,1,P__LAw_stq,Lamil Group of Yeneena Basin
442935.586489358,7600651.228564322,259.9236,412.3538951863774,-999,1,P__LAw_stq,Lamil Group of Yeneena Basin
444123.28411156125,7601567.402324159,250.54579,592.3538951863774,-999,1,P__LAw_stq,Lamil Group of Yeneena Basin
444010.9133370429,7599423.824778,259.31525,411.7786125747069,-999,1,P__LAw_stq,Lamil Group of Yeneena Basin
445189.35233454185,7600351.877324559,249.02583,591.7786125747069,-999,1,P__LAw_stq,Lamil Group of Yeneena Basin
445051.377288706,7598139.259568267,248.24965,410.72906182567783,-999,1,P__LAw_stq,Lamil Group of Yeneena Basin
446212.61935344397,7599088.741988895,245.27367,590.7290618256778,-999,1,P__LAw_stq,Lamil Group of Yeneena Basin
414370.54159092705,7661927.984690562,302.03696,231.49935100090005,-999,1,P__LAw_stq,Lamil Group of Yeneena Basin
413196.6399327185,7660994.199438561,302.03696,411.49935100090005,-999,1,P__LAw_stq,Lamil Group of Yeneena Basin
468573.6027749763,7463026.579239136,412.,407.65419870915036,20,1,P__THt_sta,Throssell Range Group of Yeneena Basin
469682.2420705812,7464036.984559907,407.,587.6541987091504,20,1,P__THt_sta,Throssell Range Group of Yeneena Basin
469902.9669529904,7461856.66858971,414.,394.9919973242047,16,1,P__THt_sta,Throssell Range Group of Yeneena Basin
470763.159978939,7463085.516813907,408.,574.9919973242047,16,1,P__THt_sta,Throssell Range Group of Yeneena Basin
470398.37519278284,7461519.29287278,414.,393.4533163406527,17,1,P__THt_sta,Throssell Range Group of Yeneena Basin
471225.2612413608,7462770.795754385,408.,573.4533163406527,17,1,P__THt_sta,Throssell Range Group of Yeneena Basin
471125.6491575548,7461116.612718198,424.,386.10486248386997,18,1,P__THt_sta,Throssell Range Group of Yeneena Basin
471785.6722284505,7462463.598072939,408.,566.10486248387,18,1,P__THt_sta,Throssell Range Group of Yeneena Basin
329864.631643596,7553955.47992594,404.,284.313960999811,13,1,P__TAb_st,Officer Basin
331318.06491988245,7553584.62724443,389.,464.313960999811,13,1,P__TAb_st,Officer Basin
437411.92552270356,7503732.674369968,346.,197.29247042726934,34,1,P__md_PTRB,Talbot and Connaughton Domains Rudall Complex
437857.7996239369,7505164.874176507,338.,377.29247042726934,34,1,P__md_PTRB,Talbot and Connaughton Domains Rudall Complex
438757.83192847006,7503463.04437704,335.,188.48556683644563,41,1,P__md_PTRB,Talbot and Connaughton Domains Rudall Complex
438979.1723292541,7504946.6239761785,334.,368.4855668364456,41,1,P__md_PTRB,Talbot and Connaughton Domains Rudall Complex
440170.0272338993,7503244.998683718,349.,189.22987954225107,47,1,P__mgnu_PTRO,Talbot and Connaughton Domains Rudall Complex
440410.6211647911,7504725.577813794,338.,369.22987954225107,47,1,P__mgnu_PTRO,Talbot and Connaughton Domains Rudall Complex
441260.0188855623,7503022.94510983,340.,193.63670806194136,52,1,P__mgnu_PTRO,Talbot and Connaughton Domains Rudall Complex
441613.6660516844,7504480.660336441,340.,373.63670806194136,52,1,P__mgnu_PTRO,Talbot and Connaughton Domains Rudall Complex
442000.8993541871,7502834.067118714,347.,196.50437803490445,56,1,P__mgnu_PTRO,Talbot and Connaughton Domains Rudall Complex
442427.0322667394,7504272.264163921,340.,376.50437803490445,56,1,P__mgnu_PTRO,Talbot and Connaughton Domains Rudall Complex
442308.6782608563,7502720.177478746,347.,203.50970317267172,56,1,P__mgnu_PTRO,Talbot and Connaughton Domains Rudall Complex
442907.0348150303,7504095.666276984,348.,383.5097031726717,56,1,P__mgnu_PTRO,Talbot and Connaughton Domains Rudall Complex
393901.7798749085,7622790.4936115425,259.61136,61.64102100671914,-999,1,P__LAm_stq,Lamil Group of Yeneena Basin
392581.79656793294,7622078.00215945,258.3336,241.64102100671914,-999,1,P__LAm_stq,Lamil Group of Yeneena Basin
391458.74485082884,7627255.723433271,244.02264,61.025644616387865,-999,1,P__LAm_stq,Lamil Group of Yeneena Basin
390146.48993273027,7626529.096273081,242.18933,241.02564461638786,-999,1,P__LAm_stq,Lamil Group of Yeneena Basin
389273.7949633269,7630942.953214344,243.19193,56.45875576572189,-999,1,P__LAp_kd,Lamil Group of Yeneena Basin
388023.56252009457,7630114.147544786,243.19193,236.4587557657219,-999,1,P__LAm_stq,Lamil Group of Yeneena Basin
303680.8742841691,7446249.623512922,573.10645,519.95884482274,8,1,P__SUc_sg,Officer Basin
304194.91682916,7444840.453451524,594.8185,699.95884482274,8,1,P__SUc_sg,Officer Basin
412061.09633400704,7596575.490864236,349.06503,210.95102742657963,55,1,CP__pa_sepg,Canning Basin
411289.6384770277,7595289.0800531395,345.2577,390.9510274265796,55,1,CP__pa_sepg,Canning Basin
408881.26135936705,7598468.72102,345.32675,210.2849250095519,56,1,CP__pa_sepg,Canning Basin
408124.8106995325,7597173.428620873,316.8277,390.2849250095519,56,1,CP__pa_sepg,Canning Basin
407142.83670394396,7599552.730901854,318.8615,213.48616999848366,57,1,CP__pa_sepg,Canning Basin
406315.23317395773,7598301.702366147,304.15222,393.48616999848366,57,1,P__LAw_stq,Lamil Group of Yeneena Basin
405357.4031048822,7601156.512031673,308.6763,227.7791674264604,58,1,CP__pa_sepg,Canning Basin
404246.562637283,7600148.527182807,314.54013,407.7791674264604,58,1,P__LAw_stq,Lamil Group of Yeneena Basin
403576.810132196,7603224.552132533,301.6035,231.09151438084507,-999,1,CP__pa_sepg,Canning Basin
402409.5849260799,7602282.434667348,326.62668,411.09151438084507,-999,1,P__LAw_stq,Lamil Group of Yeneena Basin
399931.7437394273,7607968.107439235,307.9971,230.2312943519077,-999,1,P__LAw_stq,Lamil Group of Yeneena Basin
398778.7941941866,7607008.572475761,302.11,410.2312943519077,-999,1,P__LAw_stq,Lamil Group of Yeneena Basin
435524.5179264911,7519951.667153337,337.83676,205.66219996082725,25,1,P__THc_stq,Throssell Range Group of Yeneena Basin
436174.1147036109,7521303.71154135,339.38113,385.66219996082725,25,1,P__mgnu_PTRO,Talbot and Connaughton Domains Rudall Complex
527943.4792021327,7445319.081988805,345.07007,213.0771027453527,20,1,P__TAk_sp,Officer Basin
528762.1299088392,7446575.987323509,356.01373,393.0771027453527,20,1,P__TAk_sp,Officer Basin
529538.2222841766,7444317.811346575,352.8347,210.67402489252095,17,1,P__TAk_sp,Officer Basin
530303.4518598432,7445607.936804243,341.04623,390.67402489252095,17,1,P__TAk_sp,Officer Basin
530973.0469304604,7443346.589342151,381.81726,216.3776835335958,13,1,P__TAk_sp,Officer Basin
531862.7049387087,7444554.276647855,345.97595,396.3776835335958,13,1,P__TAk_sp,Officer Basin
533066.7344570061,7441924.099334159,351.0337,212.50846737263134,9,1,P__TAk_sp,Officer Basin
533872.8708197741,7443189.067383013,341.90213,392.50846737263134,9,1,P__TAk_sp,Officer Basin
535570.7136636799,7440443.100872772,354.99924,208.76397914423092,8,1,P__TAk_sp,Officer Basin
536292.5176540256,7441758.014938222,358.15582,388.7639791442309,8,1,P__TAk_sp,Officer Basin
287833.939570676,7643112.864986413,229.,403.75694140463236,21,1,CP__pa_sepg,Canning Basin
288871.34041872394,7644196.285255962,240.,583.7569414046324,21,1,CP__pa_sepg,Canning Basin
292076.8636847737,7638830.5291119395,263.,406.16150825705733,30,1,CP__pa_sepg,Canning Basin
293158.8063020443,7639869.470964466,245.,586.1615082570573,30,1,CP__pa_sepg,Canning Basin
411806.77043591876,7642357.853662175,244.66637,412.52382084419037,-999,1,P__LAw_stq,Lamil Group of Yeneena Basin
412997.1799843165,7643270.500969236,243.26447,592.5238208441904,-999,1,P__LAw_stq,Lamil Group of Yeneena Basin
414385.26804156706,7638802.181967547,244.2298,415.12467011999684,-999,1,P__LAw_stq,Lamil Group of Yeneena Basin
415615.8652687379,7639659.870993057,246.19722,595.1246701199968,-999,1,P__LAw_stq,Lamil Group of Yeneena Basin
416277.4974486943,7635437.699931054,250.2294,430.54224880427694,-999,1,P__LAw_stq,Lamil Group of Yeneena Basin
417691.8285150152,7635937.367455353,263.56805,610.5422488042769,-999,1,P__LAw_stq,Lamil Group of Yeneena Basin
392656.97067334555,7655309.900788663,250.82417,235.26310293336144,40,1,P__po_st,Canning Basin
393889.6365762944,7656164.614057371,250.82417,415.26310293336144,40,1,CP__pa_sepg,Canning Basin
394904.58924408205,7652385.277346934,245.80316,225.99805150738405,42,1,CP__pa_sepg,Canning Basin
395983.563508458,7653427.301596562,240.96713,405.99805150738405,42,1,CP__pa_sepg,Canning Basin
397800.1821707925,7649609.316699733,240.00842,222.97863642440745,46,1,CP__pa_sepg,Canning Basin
398822.7705957778,7650706.7286156,238.94954,402.97863642440745,46,1,CP__pa_sepg,Canning Basin
402268.6157050017,7645962.509671921,240.49033,215.26576908727316,50,1,CP__pa_sepg,Canning Basin
403134.67059445236,7647187.233693266,237.24338,395.26576908727316,50,1,CP__pa_sepg,Canning Basin
406648.11300642585,7643048.371728502,240.05878,211.80532679730413,52,1,CP__pa_sepg,Canning Basin
407438.6652182333,7644323.137275733,244.12572,391.80532679730413,52,1,CP__pa_sepg,Canning Basin
329723.6792009036,7561880.736781291,420.,269.99999953858764,10,1,P__TAb_st,Officer Basin
328223.6792009036,7561880.7367692115,424.,449.99999953858764,10,1,P__TAb_st,Officer Basin
390353.9510998154,7535659.244564576,506.6581,38.26646276404722,68,1,P__THc_stq,Throssell Range Group of Yeneena Basin
389424.9717471818,7534481.53604275,504.32074,218.26646276404722,68,1,P__THc_stq,Throssell Range Group of Yeneena Basin
388310.05730822624,7537135.357937341,492.75766,31.783678533611123,69,1,P__THc_stq,Throssell Range Group of Yeneena Basin
387519.98680193746,7535860.293784016,463.38663,211.78367853361112,69,1,P__THc_stq,Throssell Range Group of Yeneena Basin
386787.8184324377,7538185.249294068,493.8485,37.08249376683051,64,1,P__THc_stq,Throssell Range Group of Yeneena Basin
385883.3720354241,7536988.596999151,459.93057,217.0824937668305,64,1,P__THc_stq,Throssell Range Group of Yeneena Basin
474468.8224227902,7448445.449306109,416.9804,213.65154998677247,18,1,P__THc_stq,Throssell Range Group of Yeneena Basin
475300.03350062773,7449694.083817919,416.9804,393.65154998677247,18,1,P__THc_stq,Throssell Range Group of Yeneena Basin
476767.6184588746,7446927.570799735,401.12674,212.98703147141532,19,1,P__THc_stq,Throssell Range Group of Yeneena Basin
477584.29224899615,7448185.761532704,386.91745,392.9870314714153,19,1,P__THc_stq,Throssell Range Group of Yeneena Basin
478428.3920562364,7445638.361961435,386.1287,220.98951300584372,20,1,P__THc_stq,Throssell Range Group of Yeneena Basin
479412.2733785807,7446770.606433067,378.11432,400.9895130058437,20,1,P__THc_stq,Throssell Range Group of Yeneena Basin
480864.31555528403,7443193.9707484115,361.9753,227.52241264666543,21,1,P__THc_stq,Throssell Range Group of Yeneena Basin
481970.6278863475,7444206.923376197,370.9707,407.52241264666543,21,1,P__THc_stq,Throssell Range Group of Yeneena Basin
483361.3875645375,7439847.966364148,349.11758,239.24155407336048,21,1,P__THb_shh,Throssell Range Group of Yeneena Basin
484650.3841138054,7440615.096011584,354.00433,419.2415540733605,21,1,P__THb_shh,Throssell Range Group of Yeneena Basin
435873.5532985377,7578432.958108043,282.,200.0352989570664,49,1,CP__pa_sepg,Canning Basin
436387.45180911507,7579842.180702535,272.,380.0352989570664,49,1,P__LAm_stq,Lamil Group of Yeneena Basin
442711.74637063156,7496866.943568545,368.,391.40904993685695,65,1,P__mgnu_PTRO,Talbot and Connaughton Domains Rudall Complex
443493.4630376957,7498147.146307346,368.,571.409049936857,65,1,P__mgnu_PTRO,Talbot and Connaughton Domains Rudall Complex
443476.25660410634,7496307.08945751,366.,399.8055689024608,67,1,P__mgnu_PTRO,Talbot and Connaughton Domains Rudall Complex
444436.53315956175,7497459.421413608,369.,579.8055689024608,67,1,P__md_PTRB,Talbot and Connaughton Domains Rudall Complex
444821.1268004547,7495557.237640921,375.,379.7881431174776,69,1,P__mgnu_PTRO,Talbot and Connaughton Domains Rudall Complex
445328.9416088322,7496968.663912602,369.,559.7881431174776,69,1,P__md_PTRB,Talbot and Connaughton Domains Rudall Complex
445574.6581093553,7495260.324735223,375.,388.1786075238979,71,1,P__mgnu_PTRO,Talbot and Connaughton Domains Rudall Complex
446282.99062999146,7496582.544474983,397.,568.1786075238979,71,1,P__md_PTRB,Talbot and Connaughton Domains Rudall Complex
445964.67611701426,7495005.053962472,370.,396.0694155339809,71,1,P__mgnu_PTRO,Talbot and Connaughton Domains Rudall Complex
446847.82357010583,7496217.510384821,397.,576.0694155339809,71,1,P__md_PTRB,Talbot and Connaughton Domains Rudall Complex
447475.2373498905,7493692.882812873,390.,386.56506100202034,72,1,P__mgnu_PTRO,Talbot and Connaughton Domains Rudall Complex
448146.05797320174,7495034.523484343,390.,566.5650610020203,72,1,P__md_PTRB,Talbot and Connaughton Domains Rudall Complex
448160.6466176022,7493480.001644069,405.,368.9726373888402,73,1,P__mgnu_PTRO,Talbot and Connaughton Domains Rudall Complex
448394.5907564213,7494961.646048073,390.,548.9726373888402,73,1,P__md_PTRB,Talbot and Connaughton Domains Rudall Complex
391809.4043942006,7542513.661989526,420.1123,226.01698013246448,45,1,P__THc_stq,Throssell Range Group of Yeneena Basin
392888.72284993815,7543555.329724989,444.9098,406.0169801324645,45,1,P__THc_stq,Throssell Range Group of Yeneena Basin
398552.20844324114,7537678.012697216,412.0559,221.70436730902316,18,1,P__THc_stq,Throssell Range Group of Yeneena Basin
399550.13933985954,7538797.89390769,385.94235,401.70436730902316,18,1,P__THc_stq,Throssell Range Group of Yeneena Basin
400259.4677572555,7536064.334661693,418.42847,224.84262690831713,16,1,P__THc_stq,Throssell Range Group of Yeneena Basin
401317.2106391618,7537127.9041214725,394.92868,404.84262690831713,16,1,P__THc_stq,Throssell Range Group of Yeneena Basin
386482.13226495014,7638785.784589078,238.94484,410.97329334855783,-999,1,P__LAw_stq,Lamil Group of Yeneena Basin
387647.4110732285,7639730.308436833,239.10294,590.9732933485578,-999,1,P__LAw_stq,Lamil Group of Yeneena Basin
388000.93975207116,7636844.54316493,241.0207,413.1301048815641,-999,1,P__LAw_stq,Lamil Group of Yeneena Basin
389200.9397917716,7637744.543111996,238.08574,593.1301048815641,-999,1,P__LAw_stq,Lamil Group of Yeneena Basin
396351.20486411755,7627301.564216504,248.86551,410.13255239461614,-999,1,P__LAw_stq,Lamil Group of Yeneena Basin
397502.4990620974,7628263.084715348,238.11882,590.1325523946161,-999,1,P__LAw_stq,Lamil Group of Yeneena Basin
398999.84772529075,7624058.211383684,257.1648,411.76624475467327,-999,1,P__LAw_stq,Lamil Group of Yeneena Basin
400178.086366674,7624986.518285496,247.34375,591.7662447546733,-999,1,P__LAw_stq,Lamil Group of Yeneena Basin
462397.25746963616,7548378.388093734,266.868,19.487643876809727,64,1,P___is_kx,Throssell Range Group of Yeneena Basin
461896.8521204984,7546964.317909284,271.68634,199.48764387680973,64,1,P___is_kx,Throssell Range Group of Yeneena Basin
456692.2656863396,7550906.0039547905,270.6597,33.10999896263638,57,1,P___is_kx,Throssell Range Group of Yeneena Basin
455872.8934657966,7549649.568853322,270.757,213.10999896263638,57,1,P___is_kx,Throssell Range Group of Yeneena Basin
449496.3353901335,7557545.371424617,278.08325,45.545658884757245,51,1,P___is_kx,Throssell Range Group of Yeneena Basin
448425.6222265496,7556494.860443557,273.00076,225.54565888475724,51,1,P___is_kx,Throssell Range Group of Yeneena Basin
447704.7453559695,7559342.772469152,272.00235,37.87954592369533,51,1,CP__pa_sepg,Canning Basin
446783.7401583742,7558158.817475919,273.,217.87954592369533,51,1,CP__pa_sepg,Canning Basin
450471.4548311315,7486127.046974192,397.,354.80511645707685,66,1,P__md_PTRB,Talbot and Connaughton Domains Rudall Complex
450607.270303632,7484633.208242123,436.,534.8051164570768,66,1,P__mgnu_PTRO,Talbot and Connaughton Domains Rudall Complex
449855.82344690396,7486035.920328997,381.,349.3128796359971,66,1,P__md_PTRB,Talbot and Connaughton Domains Rudall Complex
450133.99203762447,7484561.938566852,416.00516,529.3128796359971,66,1,P__mgnu_PTRO,Talbot and Connaughton Domains Rudall Complex
449159.80998095777,7485867.6980341,381.,343.33782567513487,66,1,P__md_PTRB,Talbot and Connaughton Domains Rudall Complex
449589.90216029005,7484430.680039335,416.00516,523.3378256751348,66,1,P__mgnu_PTRO,Talbot and Connaughton Domains Rudall Complex
448552.082500718,7485660.176384069,384.99536,338.69530210123327,66,1,P__md_PTRB,Talbot and Connaughton Domains Rudall Complex
449097.07393395394,7484262.684223913,416.00516,518.6953021012332,66,1,P__md_PTRB,Talbot and Connaughton Domains Rudall Complex
448025.20161805773,7485409.427545424,384.99536,328.92099440770534,66,1,P__md_PTRB,Talbot and Connaughton Domains Rudall Complex
448799.5309272997,7484124.743101348,393.89594,508.92099440770534,66,1,P__md_PTRB,Talbot and Connaughton Domains Rudall Complex
450969.0533809959,7475151.661433249,402.,317.2906179946992,64,1,P__md_PTRB,Talbot and Connaughton Domains Rudall Complex
451986.47338212084,7474049.4561251,410.,497.2906179946992,64,1,P__md_PTRB,Talbot and Connaughton Domains Rudall Complex
441559.4351130645,7543876.601942688,291.,217.40535518387765,12,1,P__THc_stq,Throssell Range Group of Yeneena Basin
442470.61024431745,7545068.138715174,291.,397.40535518387765,12,1,P__THc_stq,Throssell Range Group of Yeneena Basin
459639.8879270207,7536056.523386606,288.09064,197.7180711525741,70,1,P__THc_stq,Throssell Range Group of Yeneena Basin
460096.388201454,7537485.371698865,284.95764,377.7180711525741,70,1,P__THc_stq,Throssell Range Group of Yeneena Basin
392275.10073862993,7554193.162856097,378.54828,229.44973304096993,33,1,P__THc_stq,Throssell Range Group of Yeneena Basin
393414.8545836969,7555168.335237092,356.29437,409.44973304096993,33,1,P__THc_stq,Throssell Range Group of Yeneena Basin
394047.5430105895,7551922.367768528,377.88467,239.03624806465746,6,1,P__THc_stq,Throssell Range Group of Yeneena Basin
395333.7824610738,7552694.111298477,389.17838,419.03624806465746,6,1,P__THc_stq,Throssell Range Group of Yeneena Basin
394996.8913553055,7550604.189506289,401.26236,228.15483717322513,7,1,P__THc_stq,Throssell Range Group of Yeneena Basin
396114.3169261675,7551604.869322006,369.2875,408.15483717322513,7,1,P__THc_stq,Throssell Range Group of Yeneena Basin
433942.11718714173,7491143.740147418,386.,425.53879740600746,35,1,P__md_PTRB,Talbot and Connaughton Domains Rudall Complex
435307.4799901102,7491764.855608721,384.,605.5387974060075,35,1,P___ya_mls,Talbot and Connaughton Domains Rudall Complex
461359.5986186667,7511796.766742855,314.93488,224.4189940288378,88,1,P__THb_shh,Throssell Range Group of Yeneena Basin
460309.7483850922,7510725.405698638,309.00708,404.4189940288378,88,1,P__THb_shh,Throssell Range Group of Yeneena Basin
456855.3989937586,7515917.3871624805,311.11093,219.9368573713814,87,1,P__THb_shh,Throssell Range Group of Yeneena Basin
455892.48448967875,7514767.25862278,306.95853,399.9368573713814,87,1,P__THb_shh,Throssell Range Group of Yeneena Basin
453678.7657573648,7519220.715255125,309.00928,233.8163942907974,79,1,P__THc_stq,Throssell Range Group of Yeneena Basin
452468.0718498478,7518335.1531385565,313.07,413.8163942907974,79,1,P__THb_shh,Throssell Range Group of Yeneena Basin
449042.9277369141,7526380.760439586,318.90433,238.15666979527288,58,1,P__THb_shh,Throssell Range Group of Yeneena Basin
447768.6868311562,7525589.362869402,306.07495,418.1566697952729,58,1,P__THc_stq,Throssell Range Group of Yeneena Basin
410756.1099779821,7515207.085559001,454.5215,38.15352186387048,33,1,P__THc_stq,Throssell Range Group of Yeneena Basin
409829.4539165924,7514027.548131071,454.5215,218.15352186387048,33,1,P__THc_stq,Throssell Range Group of Yeneena Basin
406814.3996995144,7664970.576208556,291.97845,236.73857192067805,-999,1,P__LAm_stq,Lamil Group of Yeneena Basin
408068.66486644757,7665793.266241932,298.60626,416.73857192067805,-999,1,P__LAm_stq,Lamil Group of Yeneena Basin
420210.6810863785,7561064.715268575,342.,398.60743172847265,35,1,P___is_kx,Throssell Range Group of Yeneena Basin
421146.6525279096,7562236.874583958,327.,578.6074317284726,35,1,P___is_kx,Throssell Range Group of Yeneena Basin
421746.01153867145,7559726.075543605,322.,403.6980461001617,24,1,P___is_kx,Throssell Range Group of Yeneena Basin
422782.29817276157,7560810.561602531,307.,583.6980461001617,24,1,P___is_kx,Throssell Range Group of Yeneena Basin
411372.7078091251,7550176.08383899,335.,223.22756096026262,23,1,P__THb_shh,Throssell Range Group of Yeneena Basin
412400.0543323234,7551269.042722605,335.,403.2275609602626,23,1,P__THb_shh,Throssell Range Group of Yeneena Basin
414050.11448985426,7547287.157150339,338.,230.7207752533011,57,1,P__THb_shh,Throssell Range Group of Yeneena Basin
415211.219220731,7548236.807509122,329.,410.7207752533011,57,1,P__THb_shh,Throssell Range Group of Yeneena Basin
416334.0611234748,7544911.6368170455,342.,216.7881631002466,17,1,P__THb_shh,Throssell Range Group of Yeneena Basin
417232.3483639822,7546112.919478845,337.,396.7881631002466,17,1,P__THb_shh,Throssell Range Group of Yeneena Basin
444144.0412535569,7610503.384372785,252.9298,231.76706693861024,-999,1,P__LAm_stq,Lamil Group of Yeneena Basin
445322.29321585275,7611431.674366993,261.8625,411.76706693861024,-999,1,P__LAm_stq,Lamil Group of Yeneena Basin
444810.3954308256,7609579.853281876,260.25546,238.86102940012893,-999,1,P__LAm_stq,Lamil Group of Yeneena Basin
446094.26876861515,7610355.526700599,262.9363,418.8610294001289,-999,1,P__LAm_stq,Lamil Group of Yeneena Basin
445348.0001859934,7608608.481994626,252.13283,242.32792156286882,-999,1,P__LAm_stq,Lamil Group of Yeneena Basin
446676.43025938433,7609305.097771156,262.9363,422.3279215628688,-999,1,P__LAm_stq,Lamil Group of Yeneena Basin
446205.8055934636,7606884.348278926,244.90231,244.2567419291521,-999,1,P__LAp_kd,Lamil Group of Yeneena Basin
447556.9296241123,7607535.857184316,260.85623,424.2567419291521,-999,1,P__LAp_kd,Lamil Group of Yeneena Basin
447130.67387588357,7605001.75159716,246.2754,243.2310002962745,-999,1,P__LAp_kd,Lamil Group of Yeneena Basin
448469.9183334062,7605677.343399207,256.8257,423.2310002962745,-999,1,P__LAp_kd,Lamil Group of Yeneena Basin
402286.8400395402,7550959.779891874,363.,47.44981991628947,8,1,P__THc_stq,Throssell Range Group of Yeneena Basin
401181.8119889902,7549945.426399496,381.,227.44981991628947,8,1,P__THc_stq,Throssell Range Group of Yeneena Basin
400757.2113990298,7552928.149596094,361.,55.7772397758535,11,1,P__THc_stq,Throssell Range Group of Yeneena Basin
399516.92555921234,7552084.531770566,364.,235.7772397758535,11,1,P__THc_stq,Throssell Range Group of Yeneena Basin
398546.9001165459,7556061.138625454,347.02893,54.18445556062119,9,1,P__THc_stq,Throssell Range Group of Yeneena Basin
397330.542482804,7555183.372080844,347.02893,234.1844555606212,9,1,P__THc_stq,Throssell Range Group of Yeneena Basin
395939.09553120565,7560069.354208791,357.30722,59.539959059755404,64,1,P__THc_stq,Throssell Range Group of Yeneena Basin
394646.12115595816,7559308.948221865,329.84033,239.5399590597554,64,1,P__THc_stq,Throssell Range Group of Yeneena Basin
403697.42307309934,7591692.229444154,312.83096,225.38029160175097,18,1,CP__pa_sepg,Canning Basin
404765.09979274694,7592745.826341607,300.9491,405.38029160175097,18,1,P___is_kx,Throssell Range Group of Yeneena Basin
406314.1431646661,7589292.080057557,330.8589,221.29796491410684,79,1,P___is_kx,Throssell Range Group of Yeneena Basin
407304.1056398139,7590419.011420949,313.1575,401.29796491410684,79,1,P___is_kx,Throssell Range Group of Yeneena Basin
416321.5927347319,7581973.584952121,348.98462,214.89016139630553,61,1,P___is_kx,Throssell Range Group of Yeneena Basin
417179.6002824143,7583203.960117719,359.04547,394.89016139630553,61,1,P___is_kx,Throssell Range Group of Yeneena Basin
426662.8106668832,7575180.505135749,315.,206.89751198098043,58,1,P__LAm_stq,Lamil Group of Yeneena Basin
427341.4046419216,7576518.230898766,307.,386.8975119809804,58,1,P___is_kx,Throssell Range Group of Yeneena Basin
452490.6558306908,7481856.40936247,389.,360.9391948863089,63,1,P__xmb_md_PTRC,Talbot and Connaughton Domains Rudall Complex
452515.2427941999,7483356.207842675,393.,540.9391948863089,63,1,P__xmb_md_PTRC,Talbot and Connaughton Domains Rudall Complex
453142.1884987532,7481826.33341158,389.,365.8774040147782,62,1,P__xmb_md_PTRC,Talbot and Connaughton Domains Rudall Complex
453295.7888640585,7483318.448329331,393.,545.8774040147782,62,1,P__xmb_md_PTRC,Talbot and Connaughton Domains Rudall Complex
453606.6132260889,7481769.630695614,379.,368.1300813673856,61,1,P__xmb_md_PTRC,Talbot and Connaughton Domains Rudall Complex
453818.7447165346,7483254.555013807,376.,548.1300813673856,61,1,P__xmb_md_PTRC,Talbot and Connaughton Domains Rudall Complex
341004.16780969343,7532479.242860345,421.,449.2257779573655,45,1,P__DIt_ss,Officer Basin
342504.0308664991,7532499.5113291945,423.,629.2257779573655,45,1,P__DIt_ss,Officer Basin
341016.2943130616,7530574.7765825335,423.,449.9999978478013,30,1,P__DIt_ss,Officer Basin
342516.2943130616,7530574.7766388785,418.,629.9999978478013,30,1,P__DIt_ss,Officer Basin
341016.2943517511,7529221.141984899,433.,449.9999998877123,20,1,P__DIt_ss,Officer Basin
342516.2943517511,7529221.141987838,430.,629.9999998877123,20,1,P__DIt_ss,Officer Basin
341004.32235795446,7528397.980816877,433.,451.39718914824687,17,1,P__DIt_ss,Officer Basin
342503.876388735,7528361.406115652,430.,631.3971891482469,17,1,P__DIt_ss,Officer Basin
341042.05763939064,7527029.46704131,442.,446.53177162028385,10,1,P__DIt_ss,Officer Basin
342539.3103857298,7527120.209608937,442.,626.5317716202838,10,1,P__DIt_ss,Officer Basin
418961.5621787692,7541249.330490441,364.,46.237605590647206,45,1,P__THb_shh,Throssell Range Group of Yeneena Basin
417878.24064656004,7540211.826534857,375.039,226.2376055906472,45,1,P__THb_shh,Throssell Range Group of Yeneena Basin
417748.51450685493,7542458.682188048,391.,42.99746542978312,38,1,P__THb_shh,Throssell Range Group of Yeneena Basin
416725.5654966588,7541361.606382764,363.,222.99746542978312,38,1,P__THb_shh,Throssell Range Group of Yeneena Basin
437484.8399854849,7507431.0963768335,341.,210.91985347610148,20,1,P__THc_stq,Throssell Range Group of Yeneena Basin
436714.08216344303,7506144.266015145,341.,390.9198534761015,20,1,P__md_PTRB,Talbot and Connaughton Domains Rudall Complex
436570.101474429,7507868.816620566,335.,200.44177963837097,18,1,P__md_PTRB,Talbot and Connaughton Domains Rudall Complex
436046.2183544005,7506463.275274128,347.,380.441779638371,18,1,P__md_PTRB,Talbot and Connaughton Domains Rudall Complex
435162.4538204131,7508185.010420184,337.,188.1672430402174,12,1,P__md_PTRB,Talbot and Connaughton Domains Rudall Complex
434949.3592623243,7506700.224001431,347.,368.1672430402174,12,1,P__md_PTRB,Talbot and Connaughton Domains Rudall Complex
434065.3479024286,7508328.178436845,342.,184.88518786814143,10,1,P__md_PTRB,Talbot and Connaughton Domains Rudall Complex
433937.6088854814,7506833.627419465,350.,364.88518786814143,10,1,P__md_PTRB,Talbot and Connaughton Domains Rudall Complex
433534.42889931565,7508348.16379838,342.,539.5341919460427,9,1,P__md_PTRB,Talbot and Connaughton Domains Rudall Complex
433546.6235913157,7506848.21336937,350.,719.5341919460427,9,1,P__md_PTRB,Talbot and Connaughton Domains Rudall Complex
433192.0897010915,7508383.560582551,349.,191.30992798912263,9,1,P__md_PTRB,Talbot and Connaughton Domains Rudall Complex
432897.91561351845,7506912.689545988,357.,371.3099279891226,9,1,P__md_PTRB,Talbot and Connaughton Domains Rudall Complex
