X,Y,id,left_fm,right_fm,min_offset,strat_offset
595647.0573615833,5619715.143407287,MITCHELL FAULT,Cm_Ca,Cm_Pk,0.0,001
595833.2286282908,5619524.074867478,MITCHELL FAULT,Cm_Ca,Cm_Pk,0.0,001
596050.6065687388,5619316.820061449,MITCHELL FAULT,Cm_Ca,Cm_Pk,0.0,001
596343.8805063888,5619012.812205492,MITCHELL FAULT,Cm_Ca,Cm_Pk,0.0,001
596587.2521949043,5618761.435487907,MITCHELL FAULT,Cm_Ca,Cm_Pk,0.0,001
596859.437354465,5618474.896237614,MITCHELL FAULT,Cm_Ca,Cm_Pk,0.0,001
597108.8737064041,5618216.195034957,MITCHELL FAULT,Cm_Ca,Cm_Pk,0.0,001
597341.2507669004,5618000.280911248,MITCHELL FAULT,Cm_Ca,Cm_Pk,0.0,001
597644.6189468091,5617714.266909818,MITCHELL FAULT,Cm_Ca,Cm_Pk,0.0,001
597965.4716273835,5617360.222512433,MITCHELL FAULT,Cm_Ca,Cm_Pk,0.0,001
598147.2839077561,5617137.869580327,MITCHELL FAULT,Cm_Ca,Cm_Pk,0.0,001
598220.54508834,5617055.999690276,MITCHELL FAULT,Cm_Pk,Cm_Pk,0.0,000
600693.6949717035,5613097.680684729,MITCHELL FAULT,Cm_rim,Cm_Pk,5013.0,007
600756.652049439,5612975.459121723,MITCHELL FAULT,Cm_rim,Cm_La,283.0,002
600854.2828843506,5612783.576515559,MITCHELL FAULT,Cm_rim,Cm_La,283.0,002
601031.6092548198,5612485.042215144,MITCHELL FAULT,Cm_rim,Cm_La,283.0,002
601272.0269127295,5612144.496140791,MITCHELL FAULT,Cm_rim,Cm_La,283.0,002
601622.768527132,5611691.43831737,MITCHELL FAULT,Cm_rim,Cm_La,283.0,002
602000.8387252695,5611203.193003252,MITCHELL FAULT,Cm_rim,Cm_La,283.0,002
602307.1082498601,5610744.9300504895,MITCHELL FAULT,Cm_rim,Cm_La,283.0,002
602650.9505929163,5610260.5641384395,MITCHELL FAULT,Cm_rim,Cm_La,283.0,002
602960.524292887,5609870.681917132,MITCHELL FAULT,Cm_rim,Cm_La,283.0,002
603126.7809832521,5609612.064949324,MITCHELL FAULT,Cm_rim,Cm_La,283.0,002
603248.4054220119,5609378.596299058,MITCHELL FAULT,Cm_Ar_lw,Cm_La,0.0,001
603369.6520946939,5609157.928381873,MITCHELL FAULT,Cm_rim,Cm_La,283.0,002
598298.9104900034,5616969.884895656,MITCHELL FAULT,Cm_Pk,Cm_Pk,0.0,000
598439.8511901088,5616812.478922002,MITCHELL FAULT,Cm_Pk,Cm_Pk,0.0,000
598674.2206011766,5616551.239129696,MITCHELL FAULT,Cm_Pk,Cm_Pk,0.0,000
598901.1260303216,5616318.362514107,MITCHELL FAULT,Cm_Pk,Cm_Pk,0.0,000
599122.0602492162,5616107.877871097,MITCHELL FAULT,Cm_Pk,Cm_Pk,0.0,000
599293.732102914,5615918.292459813,MITCHELL FAULT,Cm_Pk,Cm_Pk,0.0,000
599441.519222257,5615688.40144937,MITCHELL FAULT,Cm_Pk,Cm_Pk,0.0,000
599557.9575363543,5615452.539278194,MITCHELL FAULT,Cm_Pk,Cm_Pk,0.0,000
599678.8742168017,5615124.123517166,MITCHELL FAULT,Cm_Pk,Cm_Pk,0.0,000
599834.8719421979,5614701.326061497,MITCHELL FAULT,Cm_Pk,Cm_Pk,0.0,000
599986.2796251822,5614316.665548749,MITCHELL FAULT,Cm_rim,Cm_Pk,5013.0,007
600115.8639056397,5614030.694993662,MITCHELL FAULT,Cm_rim,Cm_Pk,5013.0,007
600248.9274359753,5613802.710791695,MITCHELL FAULT,Cm_rim,Cm_Pk,5013.0,007
600398.4749997489,5613566.09227124,MITCHELL FAULT,Cm_rim,Cm_Pk,5013.0,007
600553.9371622175,5613331.058674409,MITCHELL FAULT,Cm_rim,Cm_Pk,5013.0,007
603509.0889758351,5608875.761121327,MITCHELL FAULT,Cm_Su_l,Cm_Su_l,0.0,000
603623.9569567061,5608626.513372269,MITCHELL FAULT,Cm_Su_l,Cm_Su_l,0.0,000
603745.9837870796,5608338.086275896,MITCHELL FAULT,Cm_Su_l,Cm_Su_l,0.0,000
603898.5173436147,5607956.752380168,MITCHELL FAULT,Cm_Su_l,Cm_Su_l,0.0,000
604056.3803894883,5627643.046341622,SIMPSON PASS THRUST,Cm_Pk,Cm_Pk,0.0,000
604130.2043932261,5627467.789455237,SIMPSON PASS THRUST,Cm_Pk,Cm_Pk,0.0,000
604209.9908663107,5627294.30031624,SIMPSON PASS THRUST,Cm_Pk,Cm_Pk,0.0,000
604246.5064146668,5627217.562298533,SIMPSON PASS THRUST,Cm_Pk,Cm_Pk,0.0,000
604249.3021957758,5627210.7907515215,SIMPSON PASS THRUST,Cm_Pk,Cm_Pk,0.0,000
585958.4514841663,5637339.436247423,MITCHELL FAULT,Cm_MD,Cm_MD,0.0,000
591808.1843224003,5646738.216343522,NUBLET THRUST,CmOd_SP,CmOd_SP,0.0,000
591847.6336172047,5646640.975352839,NUBLET THRUST,CmOd_SP,CmOd_SP,0.0,000
591929.3307267588,5646452.329428325,NUBLET THRUST,CmOd_SP,CmOd_SP,0.0,000
592016.9694630122,5646271.110460181,NUBLET THRUST,CmOd_SP,CmOd_SP,0.0,000
592092.7249066293,5646149.307550062,NUBLET THRUST,CmOd_SP,CmOd_SP,0.0,000
592150.6555347333,5646113.657912288,NUBLET THRUST,CmOd_SP,CmOd_SP,0.0,000
592201.1592195625,5646127.026509167,NUBLET THRUST,CmOd_SP,CmOd_SP,0.0,000
592247.2066181267,5646165.646914566,NUBLET THRUST,CmOd_SP,CmOd_SP,0.0,000
592294.7394655303,5646238.4316320885,NUBLET THRUST,CmOd_SP,CmOd_SP,0.0,000
592336.3307234223,5646339.438947234,NUBLET THRUST,CmOd_SP,CmOd_SP,0.0,000
592373.4656990825,5646428.562999265,NUBLET THRUST,CmOd_SP,CmOd_SP,0.0,000
592429.9109512044,5646490.949873159,NUBLET THRUST,CmOd_SP,CmOd_SP,0.0,000
592511.6080681124,5646565.219883915,NUBLET THRUST,CmOd_SP,CmOd_SP,0.0,000
592568.0532960817,5646621.665166207,NUBLET THRUST,CmOd_SP,CmOd_SP,0.0,000
592588.8488868875,5646629.092243759,NUBLET THRUST,CmOd_SP,CmOd_SP,0.0,000
592611.1299027861,5646614.238209803,NUBLET THRUST,CmOd_SP,CmOd_SP,0.0,000
592633.4109550973,5646554.822154109,NUBLET THRUST,CmOd_SP,CmOd_SP,0.0,000
592633.4109527397,5646453.814826261,NUBLET THRUST,CmOd_SP,CmOd_SP,0.0,000
592591.8197051031,5646346.8659025105,NUBLET THRUST,CmOd_SP,CmOd_SP,0.0,000
592571.0241198718,5646223.577569068,NUBLET THRUST,CmOd_SP,CmOd_SP,0.0,000
592648.2649778754,5646009.679786082,NUBLET THRUST,CmOd_SP,CmOd_SP,0.0,000
592776.009477726,5645749.7346306965,NUBLET THRUST,CmOd_SP,CmOd_SP,0.0,000
592888.8999571818,5645518.012037245,NUBLET THRUST,CmOd_SP,CmOd_SP,0.0,000
592995.8488677363,5645278.862380972,NUBLET THRUST,CmOd_SP,CmOd_SP,0.0,000
593110.2247432395,5645001.092304079,NUBLET THRUST,CmOd_SP,CmOd_SP,0.0,000
593205.2904082472,5644799.077753843,NUBLET THRUST,CmOd_SP,CmOd_SP,0.0,000
593307.7831368089,5644706.982953254,NUBLET THRUST,CmOd_SP,CmOd_SP,0.0,000
593422.1590694094,5644610.431838367,NUBLET THRUST,CmOd_SP,CmOd_SP,0.0,000
593576.6408221785,5644396.534014575,NUBLET THRUST,CmOd_SP,CmOd_SP,0.0,000
593730.4510808778,5644154.622885153,NUBLET THRUST,CmOd_SP,CmOd_SP,0.0,000
593810.3464914904,5644026.27287342,NUBLET THRUST,Od_Sk,CmOd_SP,2997.5,007
593895.6203432132,5643917.18377268,NUBLET THRUST,Od_Sk,CmOd_SP,2997.5,007
593995.4906744338,5643776.59707726,NUBLET THRUST,Od_Sk,CmOd_SP,2997.5,007
594106.1162818515,5643602.208057404,NUBLET THRUST,Od_Sk,CmOd_SP,2997.5,007
594239.0206200519,5643411.686161276,NUBLET THRUST,Od_Sk,CmOd_SP,2997.5,007
594357.328570551,5643261.880732905,NUBLET THRUST,Od_Sk,CmOd_SP,2997.5,007
594451.8213127787,5643158.169193321,NUBLET THRUST,Od_Sk,CmOd_SP,2997.5,007
594532.4858414871,5643065.981177315,NUBLET THRUST,Od_Sk,CmOd_SP,2997.5,007
594584.725674123,5642986.0849640565,NUBLET THRUST,Od_Sk,CmOd_SP,2997.5,007
594612.3820599514,5642913.102810338,NUBLET THRUST,Od_Sk,CmOd_SP,2997.5,007
594621.6008637405,5642833.974767251,NUBLET THRUST,Od_Sk,CmOd_SP,2997.5,007
594610.077373139,5642744.859664379,NUBLET THRUST,Od_Sk,CmOd_SP,2997.5,007
594602.3950850853,5642641.916430032,NUBLET THRUST,Od_Sk,CmOd_SP,2997.5,007
594612.3821444656,5642518.999112943,NUBLET THRUST,Od_Sk,CmOd_SP,2997.5,007
594638.5020253906,5642402.227639327,NUBLET THRUST,Od_Sk,CmOd_SP,2997.5,007
594691.5101021946,5642300.820856266,NUBLET THRUST,Od_Sk,CmOd_SP,2997.5,007
594759.8829056364,5642207.096458068,NUBLET THRUST,Od_Sk,CmOd_SP,2997.5,007
594843.6203055793,5642127.200219877,NUBLET THRUST,Od_Sk,CmOd_SP,2997.5,007
594914.3429966271,5642077.331069114,NUBLET THRUST,Od_Sk,CmOd_SP,2997.5,007
594965.8146538307,5642048.138202853,NUBLET THRUST,Dv_A,CmOd_SP,3515.5,010
595001.1118246887,5642029.904810429,NUBLET THRUST,Dv_A,CmOd_SP,3515.5,010
595040.2274721997,5642020.7010999415,NUBLET THRUST,Dv_MH,CmOd_SP,3557.5,011
595087.0859988859,5642009.675548678,NUBLET THRUST,Dv_MH,CmOd_SP,3557.5,011
595128.364843029,5642003.699858463,NUBLET THRUST,Dv_MH,CmOd_SP,3557.5,011
595188.2870220344,5641997.554044493,NUBLET THRUST,Dv_Ss,CmOd_SP,5112.5,013
595266.9168243147,5641984.308758566,NUBLET THRUST,Dv_Ss,CmOd_SP,5112.5,013
595331.4476127338,5641965.772406314,NUBLET THRUST,Dv_Ss,CmOd_SP,5112.5,013
595379.078069383,5641942.725412402,NUBLET THRUST,Dv_Pa,CmOd_SP,5228.5,014
595424.9130668145,5641919.930394683,NUBLET THRUST,Dv_Pa,CmOd_SP,5228.5,014
595458.7153100863,5641902.261031755,NUBLET THRUST,Dv_Pa,CmOd_SP,5228.5,014
595492.0092072559,5641863.696093556,NUBLET THRUST,Dv_Pa,CmOd_SP,5228.5,014
595507.3739299867,5641809.919810016,NUBLET THRUST,Dv_Pa,CmOd_SP,5228.5,014
595489.2219971418,5641760.701603623,NUBLET THRUST,Dv_Pa,CmOd_SP,5228.5,014
595467.7114250221,5641731.508720053,NUBLET THRUST,Dv_Ss,CmOd_SP,5112.5,013
595430.5505437728,5641710.049466766,NUBLET THRUST,Dv_Ss,CmOd_SP,5112.5,013
595360.5301400113,5641684.947950875,NUBLET THRUST,Dv_Ss,CmOd_SP,5112.5,013
595319.8137293677,5641675.729127763,NUBLET THRUST,Dv_MH,CmOd_SP,3557.5,011
595281.7691910816,5641681.848180803,NUBLET THRUST,Dv_MH,CmOd_SP,3557.5,011
595245.6622610627,5641689.530554557,NUBLET THRUST,Dv_MH,CmOd_SP,3557.5,011
595220.1975632121,5641699.116518863,NUBLET THRUST,Dv_MH,CmOd_SP,3557.5,011
595191.0047168694,5641710.640037002,NUBLET THRUST,Dv_MH,CmOd_SP,3557.5,011
595135.7782426646,5641728.180237552,NUBLET THRUST,Dv_MH,CmOd_SP,3557.5,011
595075.8560182027,5641746.617794419,NUBLET THRUST,Dv_A,CmOd_SP,3515.5,010
595037.7334106272,5641751.354508642,NUBLET THRUST,Dv_A,CmOd_SP,3515.5,010
594991.6394125774,5641753.659230216,NUBLET THRUST,Od_Sk,CmOd_SP,2997.5,007
594940.4177047347,5641760.752885944,NUBLET THRUST,Od_Sk,CmOd_SP,2997.5,007
594883.5684463151,5641784.568029864,NUBLET THRUST,Od_Sk,CmOd_SP,2997.5,007
594832.8650030263,5641827.589055591,NUBLET THRUST,Od_Sk,CmOd_SP,2997.5,007
594759.114619439,5641868.30550801,NUBLET THRUST,Od_Sk,CmOd_SP,2997.5,007
594685.3642351904,5641888.279656957,NUBLET THRUST,Od_Sk,CmOd_SP,2997.5,007
594632.3561229908,5641891.352513155,NUBLET THRUST,Od_Sk,CmOd_SP,2997.5,007
594590.1032839163,5641879.060704747,NUBLET THRUST,Od_Sk,CmOd_SP,2997.5,007
594567.0563056567,5641852.1725819595,NUBLET THRUST,Od_Sk,CmOd_SP,2997.5,007
594567.8245640695,5641809.919768727,NUBLET THRUST,Od_Sk,CmOd_SP,2997.5,007
594592.4080245949,5641752.302260995,NUBLET THRUST,Od_Sk,CmOd_SP,2997.5,007
594629.2832189918,5641671.637759535,NUBLET THRUST,Od_Sk,CmOd_SP,2997.5,007
594678.296523951,5641548.39873112,NUBLET THRUST,Od_Sk,CmOd_SP,2997.5,007
594739.1180248294,5641370.944294976,NUBLET THRUST,Od_Sk,CmOd_SP,2997.5,007
594794.8239241999,5641199.153829155,NUBLET THRUST,Od_Sk,CmOd_SP,2997.5,007
594859.1072999616,5641039.2258740105,NUBLET THRUST,Od_Sk,CmOd_SP,2997.5,007
594926.6566149499,5640915.3214328475,NUBLET THRUST,Od_Sk,CmOd_SP,2997.5,007
594953.7134516872,5640882.157866547,NUBLET THRUST,Od_Sk,CmOd_SP,2997.5,007
598465.2013768505,5635527.448418071,SIMPSON PASS THRUST,CmOd_SP,Cm_G,8534.0,017
598540.1928990171,5635510.6002091905,SIMPSON PASS THRUST,CmOd_SP,Cm_G,8534.0,017
598699.5620239304,5635502.959283138,SIMPSON PASS THRUST,CmOd_SP,Cm_G,8534.0,017
598875.3047396011,5635506.234034064,SIMPSON PASS THRUST,CmOd_SP,Cm_G,8534.0,017
599007.384709648,5635495.318327921,SIMPSON PASS THRUST,CmOd_SP,Cm_G,8534.0,017
599128.5488927054,5635457.113358134,SIMPSON PASS THRUST,CmOd_SP,Cm_G,8534.0,017
599254.6778517477,5635392.740252348,SIMPSON PASS THRUST,CmOd_SP,Cm_G,8534.0,017
599357.4279149007,5635337.116468702,SIMPSON PASS THRUST,CmOd_SP,Cm_G,8534.0,017
599426.2169636567,5635315.538977291,SIMPSON PASS THRUST,CmOd_SP,Cm_G,8534.0,017
599496.081159299,5635309.463845034,SIMPSON PASS THRUST,CmOd_SP,Cm_G,8534.0,017
599655.5538666359,5635298.832319954,SIMPSON PASS THRUST,CmOd_SP,Cm_G,8534.0,017
599845.4023570525,5635286.682057064,SIMPSON PASS THRUST,CmOd_SP,Cm_G,8534.0,017
599956.2738390102,5635276.050576199,SIMPSON PASS THRUST,CmOd_SP,Cm_G,8534.0,017
600035.2507829217,5635253.268764003,SIMPSON PASS THRUST,CmOd_SP,Cm_G,8534.0,017
600123.3404665921,5635212.261519659,SIMPSON PASS THRUST,CmOd_SP,Cm_G,8534.0,017
600223.5804674728,5635156.066352623,SIMPSON PASS THRUST,CmOd_SP,Cm_G,8534.0,017
600335.9708060531,5635087.720855404,SIMPSON PASS THRUST,CmOd_SP,Cm_G,8534.0,017
600458.9925960952,5635001.149961475,SIMPSON PASS THRUST,CmOd_SP,Cm_G,8534.0,017
600571.3828773256,5634908.503925039,SIMPSON PASS THRUST,CmOd_SP,Cm_G,8534.0,017
600673.1416307215,5634821.933005887,SIMPSON PASS THRUST,CmOd_SP,Cm_G,8534.0,017
600753.6374017103,5634744.474825361,SIMPSON PASS THRUST,CmOd_SP,Cm_G,8534.0,017
600815.9077238317,5634667.016642027,SIMPSON PASS THRUST,CmOd_SP,Cm_G,8534.0,017
600885.7719026731,5634562.220328734,SIMPSON PASS THRUST,CmOd_SP,Cm_G,8534.0,017
600952.5986000642,5634457.423971745,SIMPSON PASS THRUST,CmOd_SP,Cm_G,8534.0,017
601004.2374024973,5634373.890629869,SIMPSON PASS THRUST,CmOd_SP,Cm_G,8534.0,017
601045.244652481,5634281.244592857,SIMPSON PASS THRUST,CmOd_SP,Cm_G,8534.0,017
601081.6955475658,5634177.966978866,SIMPSON PASS THRUST,CmOd_SP,Cm_G,8534.0,017
601116.6276357123,5634070.133051494,SIMPSON PASS THRUST,CmOd_SP,Cm_G,8534.0,017
601150.0409871652,5633919.773108162,SIMPSON PASS THRUST,CmOd_SP,Cm_G,8534.0,017
601184.9731583877,5633647.910145674,SIMPSON PASS THRUST,CmOd_SP,Cm_G,8534.0,017
601216.8677004005,5633310.739246758,SIMPSON PASS THRUST,CmOd_SP,Cm_G,8534.0,017
601245.7246356749,5633041.913802914,SIMPSON PASS THRUST,CmOd_SP,Cm_G,8534.0,017
601293.8188672172,5632812.455685297,SIMPSON PASS THRUST,CmOd_SP,Cm_G,8534.0,017
601352.4331084308,5632637.321177296,SIMPSON PASS THRUST,CmOd_SP,Cm_G,8534.0,017
601402.6978346409,5632556.688136209,SIMPSON PASS THRUST,CmOd_SP,Cm_G,8534.0,017
601427.646018134,5632530.619347984,SIMPSON PASS THRUST,CmOd_SP,Cm_G,8534.0,017
601429.6453720945,5632528.543048859,SIMPSON PASS THRUST,CmOd_SP,Cm_G,8534.0,017
601454.9619955805,5632502.252738198,SIMPSON PASS THRUST,CmOd_SP,Cm_Ca,8217.0,015
601513.6991716536,5632451.9699016595,SIMPSON PASS THRUST,CmOd_SP,Cm_Ca,8217.0,015
601618.4173917058,5632392.280508181,SIMPSON PASS THRUST,CmOd_SP,Cm_Ca,8217.0,015
601776.5419775042,5632309.553103027,SIMPSON PASS THRUST,CmOd_SP,Cm_Ca,8217.0,015
601920.0059758725,5632228.920041312,SIMPSON PASS THRUST,CmOd_SP,Cm_Ca,8217.0,015
602013.2051965275,5632160.853216451,SIMPSON PASS THRUST,CmOd_SP,Cm_Ca,8217.0,015
602049.8813323977,5632126.2656948585,SIMPSON PASS THRUST,CmOd_SP,Cm_Ca,8217.0,015
602075.9402313004,5632094.077570867,SIMPSON PASS THRUST,Cm_L,Cm_Ca,6181.0,012
602145.831975149,5631997.3201476615,SIMPSON PASS THRUST,Cm_L,Cm_Ca,6181.0,012
602236.9684698525,5631851.032343463,SIMPSON PASS THRUST,Cm_L,Cm_Ca,6181.0,012
602311.2858002705,5631687.9254020415,SIMPSON PASS THRUST,Cm_L,Cm_Ca,6181.0,012
602358.6141887766,5631522.86268642,SIMPSON PASS THRUST,Cm_L,Cm_Ca,6181.0,012
602396.946278221,5631343.327639147,SIMPSON PASS THRUST,Cm_L,Cm_Ca,6181.0,012
602437.6252715645,5631158.707744835,SIMPSON PASS THRUST,Cm_L,Cm_Ca,6181.0,012
602496.2968766171,5630961.5712640975,SIMPSON PASS THRUST,Cm_L,Cm_Ca,6181.0,012
602553.4038498184,5630789.467978518,SIMPSON PASS THRUST,Cm_L,Cm_Ca,6181.0,012
602589.7802100842,5630688.161715722,SIMPSON PASS THRUST,Cm_L,Cm_Ca,6181.0,012
602629.2857566453,5630608.3683544565,SIMPSON PASS THRUST,Cm_L,Cm_Ca,6181.0,012
602700.4739483593,5630496.501228843,SIMPSON PASS THRUST,Cm_L,Cm_Ca,6181.0,012
602776.7470329802,5630377.984698771,SIMPSON PASS THRUST,Cm_L,Cm_Ca,6181.0,012
602839.7211883189,5630271.20245276,SIMPSON PASS THRUST,Cm_L,Cm_Ca,6181.0,012
602890.1787401888,5630180.84820887,SIMPSON PASS THRUST,Cm_L,Cm_Ca,6181.0,012
602914.4296733062,5630128.04380187,SIMPSON PASS THRUST,Cm_L,Cm_Ca,6181.0,012
602926.1639716369,5630086.191394605,SIMPSON PASS THRUST,Cm_L,Cm_Ca,6181.0,012
602939.8539870393,5630006.789202494,SIMPSON PASS THRUST,Cm_L,Cm_Ca,6181.0,012
602949.8052519455,5629909.806072069,SIMPSON PASS THRUST,Cm_L,Cm_Ca,6181.0,012
602950.9787023275,5629828.44810652,SIMPSON PASS THRUST,Cm_Su_l,Cm_Ca,5469.0,009
602950.8060178293,5629700.914632186,SIMPSON PASS THRUST,Cm_Su_l,Cm_Ca,5469.0,009
602949.632536605,5629583.180297993,SIMPSON PASS THRUST,Cm_Su_l,Cm_Ca,5469.0,009
602949.5950792682,5629549.227354785,SIMPSON PASS THRUST,Cm_Su_l,Cm_Ca,5469.0,009
597281.0222830661,5640167.864499737,SIMPSON PASS THRUST,Dv_Pa,Pt_M,-1,032
597381.2333580706,5640186.857207343,SIMPSON PASS THRUST,Dv_Pa,Pt_M,-1,032
597475.9982715119,5640195.921666856,SIMPSON PASS THRUST,Dv_Pa,Pt_M,-1,032
597544.3939085513,5640193.449520336,SIMPSON PASS THRUST,Dv_Pa,Pt_M,-1,032
597603.7250228662,5640180.26485613,SIMPSON PASS THRUST,Dv_Pa,Pt_M,-1,032
597672.1205405891,5640156.36763173,SIMPSON PASS THRUST,Dv_Pa,Pt_M,-1,032
597761.941236217,5640113.5173920635,SIMPSON PASS THRUST,Dv_Pa,Pt_M,-1,032
597847.6416791169,5640057.482434486,SIMPSON PASS THRUST,Dv_Pa,Pt_M,-1,032
597917.6853320347,5640006.391791168,SIMPSON PASS THRUST,Dv_Pa,Pt_M,-1,032
598011.6262410277,5639948.708845321,SIMPSON PASS THRUST,Dv_Pa,Pt_M,-1,032
598135.232686872,5639876.19302427,SIMPSON PASS THRUST,Dv_Pa,Pt_M,-1,032
598234.0737218151,5639815.4857963305,SIMPSON PASS THRUST,Dv_Pa,Pt_M,-1,032
598309.7455058275,5639773.835786192,SIMPSON PASS THRUST,Dv_Pa,Pt_M,-1,032
598411.8277209515,5639724.086914904,SIMPSON PASS THRUST,Dv_Pa,Pt_M,-1,032
598507.4489612391,5639666.58493348,SIMPSON PASS THRUST,Dv_Pa,Pt_M,-1,032
598601.7780128277,5639592.930665791,SIMPSON PASS THRUST,Dv_Pa,Pt_M,-1,032
598702.5680011623,5639507.646826456,SIMPSON PASS THRUST,Dv_Pa,Pt_M,-1,032
598790.4361834353,5639408.7951488625,SIMPSON PASS THRUST,Dv_Pa,Pt_M,-1,032
598873.1356431796,5639286.684200423,SIMPSON PASS THRUST,Dv_Pa,Pt_M,-1,032
598930.6376756269,5639202.046448056,SIMPSON PASS THRUST,Dv_Pa,Pt_M,-1,032
598968.1108653692,5639145.836735841,SIMPSON PASS THRUST,Dv_Pa,Pt_M,-1,032
599010.3152309107,5639049.321390821,SIMPSON PASS THRUST,Dv_Pa,Pt_M,-1,032
599045.5896178861,5638949.044387869,SIMPSON PASS THRUST,Dv_Pa,Cm_G,13913.5,031
599065.7848639386,5638864.951421594,SIMPSON PASS THRUST,Dv_Pa,Cm_G,13913.5,031
599083.2500485147,5638754.702886246,SIMPSON PASS THRUST,Dv_Pa,Pt_M,-1,032
599102.3512886256,5638554.987762836,SIMPSON PASS THRUST,Dv_Pa,Pt_M,-1,032
599119.0015250756,5638324.272478791,SIMPSON PASS THRUST,Dv_Pa,Pt_M,-1,032
599131.0087740266,5638178.00217207,SIMPSON PASS THRUST,Dv_Ss,Pt_M,-1,031
599143.8308723923,5638019.027108809,SIMPSON PASS THRUST,Dv_Ss,Pt_M,-1,031
599163.4791025224,5637853.108495875,SIMPSON PASS THRUST,Dv_Ss,Pt_M,-1,031
599178.1166882322,5637741.514724664,SIMPSON PASS THRUST,Dv_PMH,Pt_M,-1,030
599180.6259843314,5637622.414958144,SIMPSON PASS THRUST,Dv_PMH,Pt_M,-1,030
599170.7744486297,5637468.878062854,SIMPSON PASS THRUST,Dv_PMH,Pt_M,-1,030
599159.8611142877,5637356.106464118,SIMPSON PASS THRUST,Dv_PMH,Pt_M,-1,030
599151.5237086874,5637256.210561403,SIMPSON PASS THRUST,CmOd_SP,Pt_M,-1,018
599140.6103230226,5637127.675279404,SIMPSON PASS THRUST,CmOd_SP,Pt_M,-1,018
599134.547312411,5637034.305299379,SIMPSON PASS THRUST,CmOd_SP,Pt_M,-1,018
599133.8470826542,5636992.198669763,SIMPSON PASS THRUST,CmOd_SP,Pt_M,-1,018
599083.3559911111,5636942.828211169,SIMPSON PASS THRUST,CmOd_SP,Pt_M,-1,018
598949.2684164428,5636810.144154163,SIMPSON PASS THRUST,CmOd_SP,Pt_M,-1,018
598786.4236068329,5636646.191566307,SIMPSON PASS THRUST,CmOd_SP,Pt_M,-1,018
598592.5607270475,5636452.328746026,SIMPSON PASS THRUST,CmOd_SP,Pt_M,-1,018
598378.7576906701,5636238.525649362,SIMPSON PASS THRUST,CmOd_SP,Pt_M,-1,018
598225.8830018955,5636090.082104113,SIMPSON PASS THRUST,CmOd_SP,Pt_M,-1,018
598146.122296486,5635995.920211507,SIMPSON PASS THRUST,CmOd_SP,Pt_M,-1,018
598110.3462938437,5635925.054177107,SIMPSON PASS THRUST,CmOd_SP,Pt_M,-1,018
598095.9450553504,5635885.173813652,SIMPSON PASS THRUST,CmOd_SP,Pt_M,-1,018
598091.2158372556,5635868.204880763,SIMPSON PASS THRUST,CmOd_SP,Pt_M,-1,018
598095.6469917109,5635844.941323872,SIMPSON PASS THRUST,CmOd_SP,Pt_M,-1,018
598109.5652929486,5635803.165114507,SIMPSON PASS THRUST,CmOd_SP,Pt_M,-1,018
598141.6911309708,5635751.0991080515,SIMPSON PASS THRUST,CmOd_SP,Pt_M,-1,018
598212.5895398897,5635682.416289,SIMPSON PASS THRUST,CmOd_SP,Pt_M,-1,018
598311.1826438904,5635609.3022583295,SIMPSON PASS THRUST,CmOd_SP,Pt_M,-1,018
598393.6013050708,5635557.406282948,SIMPSON PASS THRUST,CmOd_SP,Pt_M,-1,018
598437.1162747762,5635537.170247802,SIMPSON PASS THRUST,CmOd_SP,Cm_G,8534.0,017
588272.1252542982,5644773.272118965,SIMPSON PASS THRUST,Cm_G,Pt_M,-1,001
588476.78495305,5644626.545934495,SIMPSON PASS THRUST,Cm_G,Pt_M,-1,001
588627.7171174365,5644520.899670869,SIMPSON PASS THRUST,Cm_Ca,Pt_M,-1,003
588718.0236428825,5644469.878746143,SIMPSON PASS THRUST,Cm_Ca,Pt_M,-1,003
588991.6781337785,5644288.615617136,SIMPSON PASS THRUST,Cm_Ca,Pt_M,-1,003
589282.9310033617,5644066.876287848,SIMPSON PASS THRUST,Cm_Ca,Pt_M,-1,003
589479.1527784117,5643933.128794556,SIMPSON PASS THRUST,Cm_Ca,Pt_M,-1,003
589685.9335199998,5643809.940263473,SIMPSON PASS THRUST,Cm_Ca,Pt_M,-1,003
589858.3974074635,5643670.91321343,SIMPSON PASS THRUST,Cm_Ca,Pt_M,-1,003
590000.9441132159,5643607.559158163,SIMPSON PASS THRUST,Cm_Ca,Pt_M,-1,003
590149.650268143,5643604.03939422,SIMPSON PASS THRUST,Cm_Ca,Pt_M,-1,003
590222.6834187962,5643602.279496407,SIMPSON PASS THRUST,Cm_Ca,Pt_M,-1,003
590247.3211232258,5643589.080781516,SIMPSON PASS THRUST,Cm_Ca,Pt_M,-1,003
590280.758028965,5643479.971020793,SIMPSON PASS THRUST,Cm_Ca,Pt_M,-1,003
590330.9133754752,5643232.71408724,SIMPSON PASS THRUST,Cm_Ca,Pt_M,-1,003
590383.7084615696,5642959.939462945,SIMPSON PASS THRUST,Cm_Ca,Pt_M,-1,003
590418.0252695209,5642797.154618759,SIMPSON PASS THRUST,Cm_Ca,Pt_M,-1,003
590443.5428964181,5642737.320183908,SIMPSON PASS THRUST,Cm_Ca,Pt_M,-1,003
590487.5387884176,5642693.324298289,SIMPSON PASS THRUST,Cm_Ca,Pt_M,-1,003
590588.7293523145,5642618.531297684,SIMPSON PASS THRUST,Cm_Ca,Pt_M,-1,003
590692.5596425931,5642547.25793222,SIMPSON PASS THRUST,Cm_Ca,Pt_M,-1,003
590741.2098794498,5642508.798582802,SIMPSON PASS THRUST,Cm_Ca,Pt_M,-1,003
590758.1831459487,5642489.697341055,SIMPSON PASS THRUST,Cm_Pk,Pt_M,-1,004
590759.456493454,5642487.723434153,SIMPSON PASS THRUST,Cm_Pk,Pt_M,-1,004
590769.133145627,5642472.722572738,SIMPSON PASS THRUST,Cm_Pk,Pt_M,-1,004
590793.2300799442,5642436.589401242,SIMPSON PASS THRUST,Cm_Pk,Pt_M,-1,004
590811.6109615266,5642410.961263826,SIMPSON PASS THRUST,Cm_Pk,Pt_M,-1,004
590850.0891597925,5642374.845766686,SIMPSON PASS THRUST,Cm_Pk,Pt_M,-1,004
590931.4463358107,5642309.524641509,SIMPSON PASS THRUST,Cm_Pk,Pt_M,-1,004
591009.077767611,5642236.61860606,SIMPSON PASS THRUST,Cm_Pk,Pt_M,-1,004
591054.313611393,5642169.671504387,SIMPSON PASS THRUST,Cm_Pk,Pt_M,-1,004
591077.6030673515,5642124.105232567,SIMPSON PASS THRUST,Cm_Pk,Pt_M,-1,004
591114.7240442135,5642067.517048889,SIMPSON PASS THRUST,Cm_Pk,Pt_M,-1,004
591157.2525538629,5642012.16246663,SIMPSON PASS THRUST,Cm_Pk,Pt_M,-1,004
591192.3554743663,5641982.122584935,SIMPSON PASS THRUST,Cm_Pk,Pt_M,-1,004
591237.5842105737,5641964.571135271,SIMPSON PASS THRUST,Cm_Pk,Pt_M,-1,004
591277.4124928359,5641953.095157436,SIMPSON PASS THRUST,Cm_Pk,Pt_M,-1,004
591310.1527372162,5641935.206163696,SIMPSON PASS THRUST,Cm_Pk,Pt_M,-1,004
591344.9181507222,5641904.828605411,SIMPSON PASS THRUST,Cm_Pk,Pt_M,-1,004
591381.3711594814,5641850.149083398,SIMPSON PASS THRUST,Cm_Pk,Pt_M,-1,004
591441.1136025232,5641719.525736525,SIMPSON PASS THRUST,Cm_Pk,Pt_M,-1,004
591518.4075088468,5641549.749076559,SIMPSON PASS THRUST,Cm_Pk,Pt_M,-1,004
591581.1877187756,5641431.614262562,SIMPSON PASS THRUST,Cm_Pk,Pt_M,-1,004
591654.4313059924,5641325.968068674,SIMPSON PASS THRUST,Cm_Pk,Pt_M,-1,004
591755.6896910797,5641194.669676838,SIMPSON PASS THRUST,Cm_Pk,Pt_M,-1,004
591904.2020128926,5641001.266052606,SIMPSON PASS THRUST,Cm_Pk,Pt_M,-1,004
592030.099978266,5640838.240034201,SIMPSON PASS THRUST,Cm_Pk,Pt_M,-1,004
592078.3665218973,5640789.973576369,SIMPSON PASS THRUST,Cm_Pk,Pt_M,-1,004
592147.8972774468,5640760.946223434,SIMPSON PASS THRUST,Cm_Pk,Pt_M,-1,004
592338.9381154487,5640696.140822706,SIMPSON PASS THRUST,Cm_Pk,Pt_M,-1,004
592557.6562629184,5640616.484212409,SIMPSON PASS THRUST,Cm_Pk,Pt_M,-1,004
592776.03684679,5640540.877959155,SIMPSON PASS THRUST,Cm_Pk,Pt_M,-1,004
592950.0938237018,5640488.199233165,SIMPSON PASS THRUST,Cm_Pk,Pt_M,-1,004
593028.0627912609,5640465.584828429,SIMPSON PASS THRUST,Cm_Pk,Pt_M,-1,004
593086.6587488202,5640449.77292846,SIMPSON PASS THRUST,Cm_Pk,Pt_M,-1,004
595581.5866246404,5639873.830353135,SIMPSON PASS THRUST,CmOd_SP,Pt_M,-1,018
595668.6518206442,5639751.062317582,SIMPSON PASS THRUST,CmOd_SP,Pt_M,-1,018
595739.5327535104,5639669.3806029,SIMPSON PASS THRUST,CmOd_SP,Pt_M,-1,018
595795.8999688949,5639630.902506473,SIMPSON PASS THRUST,CmOd_SP,Pt_M,-1,018
595848.216808575,5639604.237749106,SIMPSON PASS THRUST,CmOd_SP,Pt_M,-1,018
595902.5588093944,5639596.812024204,SIMPSON PASS THRUST,Od_Sk,Pt_M,-1,025
595960.2760527661,5639597.824662179,SIMPSON PASS THRUST,Od_Sk,Pt_M,-1,025
596021.3686065993,5639604.237742866,SIMPSON PASS THRUST,Od_Sk,Pt_M,-1,025
596108.7884151952,5639624.8269719,SIMPSON PASS THRUST,Od_Sk,Pt_M,-1,025
596192.1148738931,5639650.705714222,SIMPSON PASS THRUST,Od_Sk,Pt_M,-1,025
596243.0815422077,5639668.257152026,SIMPSON PASS THRUST,Dv_A,Pt_M,-1,028
596328.8566312375,5639694.357705437,SIMPSON PASS THRUST,Dv_A,Pt_M,-1,028
596445.5164163352,5639728.698521648,SIMPSON PASS THRUST,Dv_A,Pt_M,-1,028
596527.5357082186,5639753.000532389,SIMPSON PASS THRUST,Dv_Ss,Pt_M,-1,031
596567.262346178,5639765.204313813,SIMPSON PASS THRUST,Dv_Ss,Pt_M,-1,031
596616.878983733,5639782.755820744,SIMPSON PASS THRUST,Dv_Ss,Pt_M,-1,031
596741.8797084454,5639852.918446267,SIMPSON PASS THRUST,Dv_Pa,Pt_M,-1,032
596836.0269258583,5639915.67949318,SIMPSON PASS THRUST,Dv_Pa,Pt_M,-1,032
596937.7819552987,5639990.648269429,SIMPSON PASS THRUST,Dv_Pa,Pt_M,-1,032
597028.4267074269,5640058.219824435,SIMPSON PASS THRUST,Dv_Pa,Pt_M,-1,032
597038.5418041996,5640063.626948322,SIMPSON PASS THRUST,Dv_Pa,Pt_M,-1,032
597128.3625178158,5640111.421424037,SIMPSON PASS THRUST,Dv_Pa,Pt_M,-1,032
597208.1902790352,5640153.896639914,SIMPSON PASS THRUST,Dv_Pa,Pt_M,-1,032
597219.4616339285,5640156.058328221,SIMPSON PASS THRUST,Dv_Pa,Pt_M,-1,032
597232.1380280419,5640158.489426869,SIMPSON PASS THRUST,Dv_Pa,Pt_M,-1,032
597233.5494310455,5640158.760156838,SIMPSON PASS THRUST,Dv_Pa,Pt_M,-1,032
595261.9305735093,5640376.164192881,SIMPSON PASS THRUST,CmOd_SP,Pt_M,-1,018
595345.300015876,5640243.515749068,SIMPSON PASS THRUST,CmOd_SP,Pt_M,-1,018
595441.833023421,5640084.877650785,SIMPSON PASS THRUST,CmOd_SP,Pt_M,-1,018
595520.583996246,5639962.284258913,SIMPSON PASS THRUST,CmOd_SP,Pt_M,-1,018
595539.5025900858,5639934.852268092,SIMPSON PASS THRUST,CmOd_SP,Pt_M,-1,018
594926.6554984623,5640578.4154188465,SIMPSON PASS THRUST,Cm_M,Pt_M,-1,017
594986.5077953055,5640553.703998971,SIMPSON PASS THRUST,Cm_M,Pt_M,-1,017
595089.7913844686,5640511.175417583,SIMPSON PASS THRUST,Cm_M,Pt_M,-1,017
595177.5486038385,5640467.971828502,SIMPSON PASS THRUST,Cm_M,Pt_M,-1,017
593128.4256523254,5640440.822901863,SIMPSON PASS THRUST,Cm_Pk,Pt_M,-1,004
593178.7576576705,5640430.037533635,SIMPSON PASS THRUST,Cm_Ar_uWf,Pt_M,-1,005
593226.7731968923,5640419.748517218,SIMPSON PASS THRUST,Cm_Ar_uWf,Pt_M,-1,005
593288.6258581058,5640408.596687609,SIMPSON PASS THRUST,Cm_Ar_uWf,Pt_M,-1,005
593369.2950671844,5640395.770541718,SIMPSON PASS THRUST,Cm_Su_l,Pt_M,-1,012
593433.5335549011,5640388.804666746,SIMPSON PASS THRUST,Cm_Su_l,Pt_M,-1,012
593551.3308448568,5640387.792178808,SIMPSON PASS THRUST,Cm_L,Pt_M,-1,015
593753.180441801,5640392.703176925,SIMPSON PASS THRUST,Cm_L,Pt_M,-1,015
593915.8689484268,5640417.680239377,SIMPSON PASS THRUST,Cm_L,Pt_M,-1,015
594030.9660055477,5640447.382704233,SIMPSON PASS THRUST,Cm_L,Pt_M,-1,015
594109.0287431959,5640469.532072369,SIMPSON PASS THRUST,Cm_L,Pt_M,-1,015
590993.2775272413,5630087.947865624,MITCHELL FAULT,Cm_Pk,Cm_T,932.0,003
591079.721349162,5629861.648544503,MITCHELL FAULT,Cm_Pk,Cm_T,932.0,003
591197.3755563917,5629545.142179284,MITCHELL FAULT,Cm_Pk,Cm_T,932.0,003
591328.2866362978,5629182.236885655,MITCHELL FAULT,Cm_Pk,Cm_T,932.0,003
591469.1402599879,5628801.103502577,MITCHELL FAULT,Cm_Pk,Cm_T,932.0,003
591581.8231537117,5628559.166683324,MITCHELL FAULT,Cm_Pk,Cm_T,932.0,003
591696.0729788821,5628339.277675603,MITCHELL FAULT,Cm_Pk,Cm_T,932.0,003
591767.3283291194,5628183.510155793,MITCHELL FAULT,Cm_Pk,Cm_T,932.0,003
591781.9786311425,5628161.667288298,MITCHELL FAULT,Cm_Pk,Cm_T,932.0,003
591886.3759986142,5628015.842409138,MITCHELL FAULT,Cm_Ca,Cm_T,1212.0,004
592037.5260321372,5627826.727951178,MITCHELL FAULT,Cm_Ca,Cm_T,1212.0,004
592218.1500987909,5627604.676317555,MITCHELL FAULT,Cm_Ca,Cm_T,1212.0,004
592451.8014099443,5627306.398097249,MITCHELL FAULT,Cm_Ca,Cm_T,1212.0,004
592673.8529884313,5626991.548834616,MITCHELL FAULT,Cm_Ca,Cm_T,1212.0,004
592815.5872641184,5626745.643215785,MITCHELL FAULT,Cm_Ca,Cm_T,1212.0,004
592926.6130884608,5626510.3347971225,MITCHELL FAULT,Cm_Na,Cm_T,1452.0,005
593018.8927216078,5626301.06158177,MITCHELL FAULT,Cm_Na,Cm_T,1452.0,005
593071.91994603,5626135.35148426,MITCHELL FAULT,Cm_G,Cm_T,1529.0,006
593174.2976325592,5625803.4071130995,MITCHELL FAULT,Cm_G,Cm_T,1529.0,006
587629.981010744,5634398.038681362,MITCHELL FAULT,Cm_Pk,Cm_MD,1161.0,004
587862.5491801854,5634195.925845981,MITCHELL FAULT,Cm_Pk,Cm_MD,1161.0,004
588061.5709766315,5633998.767762537,MITCHELL FAULT,Cm_Pk,Cm_MD,1161.0,004
588186.1611052519,5633867.256024584,MITCHELL FAULT,Cm_Pk,Cm_MD,1161.0,004
588313.8422062814,5633719.7148399,MITCHELL FAULT,Cm_Pk,Cm_MD,1161.0,004
588485.4996365706,5633520.3706726935,MITCHELL FAULT,Cm_Pk,Cm_MD,1161.0,004
588665.4631216293,5633293.339845686,MITCHELL FAULT,Cm_Pk,Cm_MD,1161.0,004
588871.7289459093,5633022.010303497,MITCHELL FAULT,Cm_Pk,Cm_MD,1161.0,004
589044.2562244441,5632804.3085104115,MITCHELL FAULT,Cm_Pk,Cm_MD,1161.0,004
589120.394600196,5632708.789419674,MITCHELL FAULT,Cm_Pk,Cm_MD,1161.0,004
589216.4282119239,5632580.407649396,MITCHELL FAULT,Cm_Pk,Cm_MD,1161.0,004
589415.7723910231,5632332.611840173,MITCHELL FAULT,Cm_Pk,Cm_MD,1161.0,004
589612.3478766872,5632106.965309537,MITCHELL FAULT,Cm_Pk,Cm_MD,1161.0,004
589775.6993133989,5631922.848779076,MITCHELL FAULT,Cm_Pk,Cm_MD,1161.0,004
589925.2074206097,5631744.269627739,MITCHELL FAULT,Cm_Pk,Cm_MD,1161.0,004
590081.637186195,5631565.690560701,MITCHELL FAULT,Cm_Pk,Cm_MD,1161.0,004
590224.2236125941,5631410.645091949,MITCHELL FAULT,Cm_Pk,Cm_MD,1161.0,004
590307.262975625,5631319.03742511,MITCHELL FAULT,Cm_Pk,Cm_MD,1161.0,004
590423.0398049064,5631185.9434518255,MITCHELL FAULT,Cm_Pk,Cm_MD,1161.0,004
590574.5056059266,5630968.622922015,MITCHELL FAULT,Cm_Pk,Cm_MD,1161.0,004
590635.5098250883,5630857.695494076,MITCHELL FAULT,Cm_Pk,Cm_MD,1161.0,004
590693.7715366364,5630755.084991511,MITCHELL FAULT,Cm_Pk,Cm_T,932.0,003
590822.8706548678,5630493.004176268,MITCHELL FAULT,Cm_Pk,Cm_T,932.0,003
590930.3076723092,5630242.058313817,MITCHELL FAULT,Cm_Pk,Cm_T,932.0,003
593606.0814553463,5624191.1368259275,MITCHELL FAULT,Cm_G,Cm_T,1529.0,006
593667.394256986,5623901.144031387,MITCHELL FAULT,Cm_Na,Cm_T,1452.0,005
593686.3420108256,5623791.685935558,MITCHELL FAULT,Cm_Na,Cm_T,1452.0,005
593715.782005097,5623616.758335821,MITCHELL FAULT,Cm_Na,Cm_T,1452.0,005
593727.381703326,5623545.502935167,MITCHELL FAULT,Cm_Ca,Cm_T,1212.0,004
593750.9689278085,5623322.726160193,MITCHELL FAULT,Cm_Ca,Cm_T,1212.0,004
593776.45471036,5623070.011357311,MITCHELL FAULT,Cm_Ca,Cm_T,1212.0,004
593229.4445465864,5625620.551642334,MITCHELL FAULT,Cm_G,Cm_T,1529.0,006
593282.0092650224,5625415.645328429,MITCHELL FAULT,Cm_G,Cm_T,1529.0,006
593393.0350314972,5625003.027095433,MITCHELL FAULT,Cm_G,Cm_T,1529.0,006
593502.4036640828,5624623.55090984,MITCHELL FAULT,Cm_G,Cm_T,1529.0,006
593547.9777739854,5624465.951252947,MITCHELL FAULT,Cm_G,Cm_T,1529.0,006
602960.9383118732,5629501.507813296,SIMPSON PASS THRUST,Cm_Su_l,Cm_Ca,5469.0,009
602991.8760939868,5629408.730208462,SIMPSON PASS THRUST,Cm_Su_l,Cm_Ca,5469.0,009
603030.990453249,5629330.892605362,SIMPSON PASS THRUST,Cm_Su_l,Cm_Ca,5469.0,009
603079.8834870132,5629255.010710259,SIMPSON PASS THRUST,Cm_Su_l,Cm_Ca,5469.0,009
603130.3409960719,5629174.435066895,SIMPSON PASS THRUST,Cm_Su_l,Cm_Ca,5469.0,009
603212.0900175041,5629068.043950018,SIMPSON PASS THRUST,Cm_Su_l,Cm_Ca,5469.0,009
603343.5144040133,5628914.715610465,SIMPSON PASS THRUST,Cm_Su_l,Cm_Ca,5469.0,009
603438.1712197566,5628788.767263109,SIMPSON PASS THRUST,Cm_Su_l,Cm_Ca,5469.0,009
603478.0694974912,5628719.582796652,SIMPSON PASS THRUST,Cm_Su_l,Cm_Ca,5469.0,009
603529.3093171406,5628633.922322644,SIMPSON PASS THRUST,Cm_Ar_uWf,Cm_Ca,280.0,002
603599.7246380073,5628522.497139169,SIMPSON PASS THRUST,Cm_Ar_uWf,Cm_Ca,280.0,002
603643.5327832316,5628457.176090596,SIMPSON PASS THRUST,Cm_Ar_uWf,Cm_Ca,280.0,002
603701.8021733925,5628374.9370353855,SIMPSON PASS THRUST,Cm_Ar_l,Cm_Ca,766.0,003
603773.1191604852,5628261.223917039,SIMPSON PASS THRUST,Cm_Ar_l,Cm_Ca,766.0,003
603805.1929452384,5628195.902890132,SIMPSON PASS THRUST,Cm_Pk,Cm_Ca,0.0,001
603852.0013784633,5628094.877997775,SIMPSON PASS THRUST,Cm_Pk,Cm_Ca,0.0,001
603921.2338676364,5627945.852206265,SIMPSON PASS THRUST,Cm_Pk,Cm_Ca,0.0,001
603990.857477206,5627796.826446371,SIMPSON PASS THRUST,Cm_Pk,Cm_Ca,0.0,001
604263.1176852712,5627177.328984298,SIMPSON PASS THRUST,Cm_Pk,Cm_Pk,0.0,000
604288.3701284514,5627116.166507631,SIMPSON PASS THRUST,Cm_Pk,Cm_Pk,0.0,000
595652.6307931278,5640039.266729995,NUBLET THRUST,Od_Sk,CmOd_SP,2997.5,007
595661.9398949076,5640022.066660045,NUBLET THRUST,Od_Sk,CmOd_SP,2997.5,007
595747.7729322698,5639847.4772853125,NUBLET THRUST,Od_Sk,CmOd_SP,2997.5,007
595847.0766890936,5639643.246258186,NUBLET THRUST,Od_Sk,CmOd_SP,2997.5,007
595147.6484889397,5640722.259954566,NUBLET THRUST,Od_Sk,CmOd_SP,2997.5,007
595149.9612014036,5640721.108352865,NUBLET THRUST,Od_Sk,CmOd_SP,2997.5,007
595190.2451093852,5640701.04875439,NUBLET THRUST,Od_Sk,CmOd_SP,2997.5,007
595274.9645757268,5640640.73937143,NUBLET THRUST,Od_Sk,CmOd_SP,2997.5,007
595352.8077607735,5640553.066421929,NUBLET THRUST,Od_Sk,CmOd_SP,2997.5,007
595455.9170534896,5640389.102230437,NUBLET THRUST,Od_Sk,CmOd_SP,2997.5,007
595589.4150177147,5640156.068021029,NUBLET THRUST,Od_Sk,CmOd_SP,2997.5,007
595652.3906032837,5640039.710458142,NUBLET THRUST,Od_Sk,CmOd_SP,2997.5,007
594954.8459111151,5640880.769758167,NUBLET THRUST,Od_Sk,CmOd_SP,2997.5,007
594961.949663074,5640872.062640288,NUBLET THRUST,Od_Sk,CmOd_SP,2997.5,007
595009.0088441819,5640825.148585569,NUBLET THRUST,Od_Sk,CmOd_SP,2997.5,007
595083.2862841839,5640761.899265869,NUBLET THRUST,Od_Sk,CmOd_SP,2997.5,007
595131.7350584788,5640730.184117167,NUBLET THRUST,Od_Sk,CmOd_SP,2997.5,007
594459.9885571388,5640617.554148339,SIMPSON PASS THRUST,Cm_L,Pt_M,-1,015
594498.5014786173,5640621.586882488,SIMPSON PASS THRUST,Cm_L,Pt_M,-1,015
594584.1743893778,5640638.0859404765,SIMPSON PASS THRUST,Cm_L,Pt_M,-1,015
594641.4048816202,5640651.585683014,SIMPSON PASS THRUST,Cm_L,Pt_M,-1,015
594649.758058709,5640651.526028672,SIMPSON PASS THRUST,Cm_L,Pt_M,-1,015
594696.8237245064,5640651.1899369415,SIMPSON PASS THRUST,Cm_L,Pt_M,-1,015
594746.5235669138,5640648.86164899,SIMPSON PASS THRUST,Cm_M,Pt_M,-1,017
594773.188270042,5640643.798665684,SIMPSON PASS THRUST,Cm_M,Pt_M,-1,017
594850.6755290877,5640612.854925166,SIMPSON PASS THRUST,Cm_M,Pt_M,-1,017
594916.0461590344,5640583.224305242,SIMPSON PASS THRUST,Cm_M,Pt_M,-1,017
604380.3113015664,5627044.007885667,SIMPSON PASS THRUST,Cm_Pk,Cm_Pk,0.0,000
604480.2470063583,5627017.078953192,SIMPSON PASS THRUST,Cm_Ar_uWf,Cm_Pk,0.0,001
604531.5914226328,5627005.138230879,SIMPSON PASS THRUST,Cm_Ar_uWf,Cm_Pk,0.0,001
604580.9916342449,5626990.608832663,SIMPSON PASS THRUST,Cm_Ar_uWf,Cm_Pk,0.0,001
604630.7146763424,5626969.298908277,SIMPSON PASS THRUST,Cm_Ar_uWf,Cm_Pk,0.0,001
604679.1461777085,5626934.751029586,SIMPSON PASS THRUST,Cm_Ar_uWf,Cm_Pk,0.0,001
604729.8378484469,5626876.310344515,SIMPSON PASS THRUST,Cm_Ar_uWf,Cm_Pk,0.0,001
604770.8361984909,5626810.114862958,SIMPSON PASS THRUST,Cm_Ar_uWf,Cm_Pk,0.0,001
604816.1503872834,5626718.113866171,SIMPSON PASS THRUST,Cm_Pk,Cm_Pk,0.0,000
604877.7072164031,5626611.10916139,SIMPSON PASS THRUST,Cm_Pk,Cm_Pk,0.0,000
604964.6834855289,5626491.867477747,SIMPSON PASS THRUST,Cm_Pk,Cm_Pk,0.0,000
605093.6309826369,5626341.263484467,SIMPSON PASS THRUST,Cm_Pk,Cm_Pk,0.0,000
605277.4034340633,5626185.547849791,SIMPSON PASS THRUST,Cm_Pk,Cm_Pk,0.0,000
605420.493440812,5626067.709007962,SIMPSON PASS THRUST,Cm_Pk,Cm_Pk,0.0,000
605503.2612471315,5625934.438840615,SIMPSON PASS THRUST,Cm_Pk,Cm_Pk,0.0,000
605609.877358646,5625707.178209731,SIMPSON PASS THRUST,Cm_Pk,Cm_Pk,0.0,000
605703.8678625113,5625475.7091091685,SIMPSON PASS THRUST,Cm_Pk,Cm_Pk,0.0,000
605743.1475097183,5625324.202024769,SIMPSON PASS THRUST,Cm_Pk,Cm_Pk,0.0,000
605740.3418199345,5625231.614324363,SIMPSON PASS THRUST,Cm_Pk,Cm_Pk,0.0,000
605684.2280619445,5625080.107229516,SIMPSON PASS THRUST,Cm_Pk,Cm_Pk,0.0,000
605570.597729129,5624831.803964422,SIMPSON PASS THRUST,Cm_Pk,Cm_Pk,0.0,000
605470.9958180964,5624575.083589292,SIMPSON PASS THRUST,Cm_Pk,Cm_Pk,0.0,000
605410.6735361097,5624323.974567037,SIMPSON PASS THRUST,Cm_Pk,Cm_Pk,0.0,000
605377.0052838703,5624103.72809222,SIMPSON PASS THRUST,Cm_Pk,Cm_Pk,0.0,000
605371.3939339515,5623992.903438393,SIMPSON PASS THRUST,Cm_Pk,Cm_Pk,0.0,000
605384.0195524548,5623956.429618647,SIMPSON PASS THRUST,Cm_Pk,Cm_Pk,0.0,000
605399.4508568887,5623933.9840952465,SIMPSON PASS THRUST,Cm_Pk,Cm_Pk,0.0,000
605417.6878305969,5623926.9698416805,SIMPSON PASS THRUST,Cm_Pk,Cm_Pk,0.0,000
605447.1475308951,5623938.192620274,SIMPSON PASS THRUST,Cm_Pk,Cm_Pk,0.0,000
605492.0384851559,5623970.457973716,SIMPSON PASS THRUST,Cm_Pk,Cm_Pk,0.0,000
605586.0289663768,5624051.822958377,SIMPSON PASS THRUST,Cm_Pk,Cm_Pk,0.0,000
605723.4625561899,5624172.409742897,SIMPSON PASS THRUST,Cm_Pk,Cm_Pk,0.0,000
