X,Y,Z,angle,lsx,lsy,formation,group
604686.1376357775,5631872.533307247,2523,168.38857528489746,0.20127324336923794,-0.9795351354104801,Od_Tp,LOWER_ORDOVICIAN
604673.3550500001,5631950.499949999,2399,171.38903200903673,0.1497246159188854,-0.9887277377458075,Od_Tp,LOWER_ORDOVICIAN
603171.9365999997,5636248.56025,1929,6.5197508343422665,0.11354570823324969,0.9935327735620046,Od_Tp,LOWER_ORDOVICIAN
603162.4156000001,5636156.0711,1910,5.194544007371042,0.09053774665995146,0.9958930245913655,Od_Tp,LOWER_ORDOVICIAN
603154.2547999993,5636066.30215,1910,5.194572774935028,0.0905382466865834,0.9958929791332598,Od_Tp,LOWER_ORDOVICIAN
603156.7031,5635974.90115,1906,177.73206401833622,-0.03957261442094541,0.9992166973123954,Od_Tp,LOWER_ORDOVICIAN
603156.1952999999,5635881.196999999,1901,5.877586983863932,0.10240342016241721,0.9947429514900016,Od_Tp,LOWER_ORDOVICIAN
603149.6303500007,5635787.656,1922,178.7269777772093,-0.022216601230771887,0.9997531808550312,Od_Tp,LOWER_ORDOVICIAN
603154.0184000002,5635714.359850001,1901,173.8845690558489,-0.10653186335194675,0.9943092889492494,Od_Tp,LOWER_ORDOVICIAN
603166.0608000003,5635634.269000001,1901,163.11298979397165,-0.2904852624493798,0.9568794659201937,Od_Tp,LOWER_ORDOVICIAN
603191.7816000008,5635552.650599999,1901,157.47940633135082,-0.38301547518602486,0.9237419259555255,Od_Tp,LOWER_ORDOVICIAN
603227.0155000002,5635467.6746,1901,157.47940633357257,-0.3830154751502052,0.9237419259703775,Od_Tp,LOWER_ORDOVICIAN
603265.8765500004,5635381.247750001,1901,155.09516350943397,-0.42111237788766837,0.9070084702966085,Od_Tp,LOWER_ORDOVICIAN
603307.3727500001,5635294.8461,1901,152.5921980142008,-0.4603206746400801,0.8877527113441566,Od_Tp,LOWER_ORDOVICIAN
603351.0452999996,5635210.620599999,1908,152.5924886976651,-0.46031617072416875,0.8877550467160624,Od_Tp,LOWER_ORDOVICIAN
603400.3004500004,5635141.560699999,1939,143.56904821463073,-0.5938536121268754,0.8045731087749967,Od_Tp,LOWER_ORDOVICIAN
603450.5646500001,5635072.6603999995,1932,146.31001241640635,-0.5546990352999842,0.8320510682868371,Od_Tp,LOWER_ORDOVICIAN
603504.9700500001,5634989.964199999,1968,149.93148545852736,-0.5010352391975985,0.8654268825742619,Od_Tp,LOWER_ORDOVICIAN
603552.20425,5634907.7654,1967,151.92764698638956,-0.47058617289512,0.8823540411195067,Od_Tp,LOWER_ORDOVICIAN
603593.6559500004,5634830.043400001,1986,151.9276469860555,-0.4705861729002648,0.8823540411167629,Od_Tp,LOWER_ORDOVICIAN
603636.5585500004,5634747.485349999,1993,152.78375841470412,-0.45735003078401093,0.889286764402723,Od_Tp,LOWER_ORDOVICIAN
603681.2918500002,5634668.89985,2017,147.65245315211925,-0.5350536050432281,0.8448181104416768,Od_Tp,LOWER_ORDOVICIAN
603734.8509499995,5634615.038500002,2032,128.4537678742761,-0.7831102108350128,0.6218829453248753,Od_Tp,LOWER_ORDOVICIAN
603801.0441999999,5634563.353399999,2060,127.56839628031477,-0.7926260721499936,0.6097080528811089,Od_Tp,LOWER_ORDOVICIAN
603871.7711999991,5634511.4869,2093,125.67621632675866,-0.8123256868639929,0.5832040624523651,Od_Tp,LOWER_ORDOVICIAN
603929.1386499999,5634450.06935,2093,142.81523095606386,-0.6043873516904485,0.7966906106617586,Od_Tp,LOWER_ORDOVICIAN
603972.6629500003,5634372.692749999,2144,158.19841542334115,-0.37139351368646745,0.9284755559472847,Od_Tp,LOWER_ORDOVICIAN
603979.4679999996,5634287.544099999,2132,1.9525803597752922,0.0340723601614844,0.9994193685700843,Od_Tp,LOWER_ORDOVICIAN
603976.3591000002,5634196.350199999,2122,1.9525803601405773,0.03407236016785613,0.9994193685698671,Od_Tp,LOWER_ORDOVICIAN
603974.2346500007,5634108.16165,2095,177.397095799598,-0.04541362375049675,0.9989682691546555,Od_Tp,LOWER_ORDOVICIAN
603984.5112000005,5634030.785149999,2095,167.27572642619393,-0.2202594735123021,0.9754413177265373,Od_Tp,LOWER_ORDOVICIAN
604019.5724499996,5633969.60935,2136,130.2363991642309,-0.7633858247775337,0.6459427858012851,Od_Tp,LOWER_ORDOVICIAN
604084.1335499992,5633924.4529,2137,122.57416965665658,-0.8426952024781249,0.5383909320562077,Od_Tp,LOWER_ORDOVICIAN
604163.7829999999,5633900.69585,2175,104.99537287398715,-0.9659467249987366,0.2587410374567886,Od_Tp,LOWER_ORDOVICIAN
604253.6969999997,5633869.14075,2198,112.71459409334,-0.9224397634804012,0.3861410140741614,Od_Tp,LOWER_ORDOVICIAN
604330.0458499999,5633826.70455,2210,131.98723432029368,-0.743293891432438,0.6689650147498173,Od_Tp,LOWER_ORDOVICIAN
604389.8917499996,5633748.723450001,2234,146.88857423835537,-0.5462690056424019,0.8376097978620245,Od_Tp,LOWER_ORDOVICIAN
604446.4733500001,5633666.38995,2272,145.34861126648826,-0.5685817897052695,0.8226267369928798,Od_Tp,LOWER_ORDOVICIAN
604500.3347000002,5633585.235250001,2347,146.90829445730122,-0.545980682448595,0.8377977646144483,Od_Tp,LOWER_ORDOVICIAN
604552.7452499995,5633505.712749999,2390,143.61557728507753,-0.5932000342436007,0.8050551033149166,Od_Tp,LOWER_ORDOVICIAN
604603.5236000009,5633436.799249999,2397,143.61584670906927,-0.5931962485976575,0.8050578927317378,Od_Tp,LOWER_ORDOVICIAN
604661.041699999,5633357.913550001,2446,143.9305294365661,-0.5887657450593836,0.808303716089855,Od_Tp,LOWER_ORDOVICIAN
604719.3086999992,5633277.919849999,2455,143.9305294365661,-0.5887657450593836,0.808303716089855,Od_Tp,LOWER_ORDOVICIAN
604774.5711999999,5633202.051100001,2507,143.93057720959746,-0.5887650710982155,0.8083042070005038,Od_Tp,LOWER_ORDOVICIAN
604825.4975500002,5633125.237849999,2518,146.7250230617943,-0.548657739474956,0.8360470590309084,Od_Tp,LOWER_ORDOVICIAN
604876.4209999996,5633047.329299999,2453,147.724381754628,-0.5339926066959949,0.8454891459942087,Od_Tp,LOWER_ORDOVICIAN
604926.74345,5632963.886949999,2513,159.8055981931326,-0.3452065001043532,0.9385267562971782,Od_Tp,LOWER_ORDOVICIAN
604959.9048,5632873.72945,2603,159.80587808098406,-0.3452019154303059,0.9385284426074939,Od_Tp,LOWER_ORDOVICIAN
605006.1234499991,5632791.551450001,2603,146.65944630857024,-0.5496142610640581,0.8354185561950427,Od_Tp,LOWER_ORDOVICIAN
605062.771,5632715.05415,2652,136.35755361107363,-0.6901558421367971,0.7236607724372298,Od_Tp,LOWER_ORDOVICIAN
605130.6953500002,5632643.83255,2739,136.35734296916914,-0.6901585025948165,0.7236582351470069,Od_Tp,LOWER_ORDOVICIAN
605197.7916499991,5632572.317849999,2792,141.1885700719311,-0.6267592689307986,0.7792129483070278,Od_Tp,LOWER_ORDOVICIAN
605257.4360500007,5632498.16535,2830,141.18857007025701,-0.626759268953566,0.7792129482887149,Od_Tp,LOWER_ORDOVICIAN
605308.7624499993,5632421.0145,2813,159.22794032176347,-0.3546510518931813,0.9349987333633453,Od_Tp,LOWER_ORDOVICIAN
605334.8637999996,5632335.007900001,2811,172.10407140174507,-0.13737416071609587,0.9905192274597945,Od_Tp,LOWER_ORDOVICIAN
603140.2420499998,5636489.095,2040,6.49943223529102,0.11319336809761958,0.9935729773996055,Od_Sk,MIDDLE_ORDOVICIAN
603130.2777500006,5636401.6302000005,2014,6.499432228139117,0.11319336797359757,0.9935729774137347,Od_Sk,MIDDLE_ORDOVICIAN
603120.3994500001,5636309.256999999,1981,5.946950545579144,0.10360760305814269,0.9946182506814091,Od_Sk,MIDDLE_ORDOVICIAN
603110.5580999997,5636214.780200001,1992,5.9466505785674775,0.10360239582039682,0.9946187930962666,Od_Sk,MIDDLE_ORDOVICIAN
603106.0310500003,5636117.646300001,1967,2.313707668541239,0.04037084259447686,0.9991847652302411,Od_Sk,MIDDLE_ORDOVICIAN
603102.2913500005,5636020.3156,1954,1.1692786960854433,0.020406346589650213,0.9997917688293212,Od_Sk,MIDDLE_ORDOVICIAN
603100.3230999998,5635923.870600001,1947,1.168981784797758,0.020401165588890293,0.9997918745632086,Od_Sk,MIDDLE_ORDOVICIAN
603096.5834,5635829.7875,1936,5.079565072797046,0.08853904643881094,0.9960727068119606,Od_Sk,MIDDLE_ORDOVICIAN
603088.7103000004,5635741.215499999,1922,5.079565073967603,0.08853904645916078,0.9960727068101517,Od_Sk,MIDDLE_ORDOVICIAN
603093.0599499999,5635655.4986000005,1909,168.6900010373007,-0.19611727304933274,0.9805804481080038,Od_Sk,MIDDLE_ORDOVICIAN
603106.5889999999,5635591.5817,1904,166.2635713503893,-0.2374558089658353,0.9713983419732507,Od_Sk,MIDDLE_ORDOVICIAN
603132.1598499999,5635502.0712,1903,159.0265629776167,-0.35793509250194605,0.9337464696348915,Od_Sk,MIDDLE_ORDOVICIAN
603166.5553,5635413.646850001,1901,156.21800691573793,-0.4032577229327467,0.9150864488643115,Od_Sk,MIDDLE_ORDOVICIAN
603204.9364499995,5635326.55105,1901,156.21773148564074,-0.403262121896941,0.9150845103285142,Od_Sk,MIDDLE_ORDOVICIAN
603247.5802000004,5635246.835350001,1905,151.34305485264696,-0.4795642313671237,0.8775067794571503,Od_Sk,MIDDLE_ORDOVICIAN
603288.7339500005,5635171.532800001,1958,151.34289953867935,-0.47956661005818485,0.8775054794799293,Od_Sk,MIDDLE_ORDOVICIAN
603346.3831999996,5635098.827149998,1951,140.81252026647198,-0.6318599468048235,0.7750825811639723,Od_Sk,MIDDLE_ORDOVICIAN
603406.7731999997,5635024.748849999,1997,140.81252026647198,-0.6318599468048235,0.7750825811639723,Od_Sk,MIDDLE_ORDOVICIAN
603460.5404000004,5634943.624949999,1995,148.81500566646088,-0.5178029731759588,0.8554999012098933,Od_Sk,MIDDLE_ORDOVICIAN
603500.93555,5634857.773349999,2015,155.492760985817,-0.41480820806805274,0.9099088693486679,Od_Sk,MIDDLE_ORDOVICIAN
603539.3694000009,5634769.359549999,1988,157.47953290870353,-0.3830134344622207,0.9237427721078277,Od_Sk,MIDDLE_ORDOVICIAN
603577.0125000009,5634678.5733,2011,157.4794212620227,-0.38301523446867275,0.9237420257652607,Od_Sk,MIDDLE_ORDOVICIAN
603615.8513500002,5634587.388499999,2016,156.86863848614985,-0.3928405328409426,0.9196066092396489,Od_Sk,MIDDLE_ORDOVICIAN
603654.8230000003,5634496.15945,2030,156.86848637149123,-0.3928429743046471,0.9196055662834357,Od_Sk,MIDDLE_ORDOVICIAN
603699.1469499996,5634412.4463,2030,151.54304254806797,-0.47649842822380784,0.8791753226178727,Od_Sk,MIDDLE_ORDOVICIAN
603744.0656000001,5634329.5682000015,2047,151.54277537091917,-0.4765025279194774,0.8791731006385192,Od_Sk,MIDDLE_ORDOVICIAN
603787.9614500002,5634246.2683,2048,158.28251499869447,-0.37003028422195705,0.9290196923416736,Od_Sk,MIDDLE_ORDOVICIAN
603822.6521500004,5634159.172549998,2062,158.28240192487175,-0.3700321176513578,0.9290189620812117,Od_Sk,MIDDLE_ORDOVICIAN
603857.3428000002,5634072.076800001,2062,158.28223111024198,-0.3700348873132281,0.9290178589085822,Od_Sk,MIDDLE_ORDOVICIAN
603898.0515999999,5633986.08405,2071,153.1527881843333,-0.4516128797067196,0.8922139916427022,Od_Sk,MIDDLE_ORDOVICIAN
603937.3725500006,5633908.40115,2073,153.1530092510457,-0.4516094372366433,0.8922157341130016,Od_Sk,MIDDLE_ORDOVICIAN
604006.3650999991,5633848.727849999,2104,118.7676550686553,-0.8765785026517469,0.4812588998541443,Od_Sk,MIDDLE_ORDOVICIAN
604081.6512999991,5633807.39425,2146,118.76765507682454,-0.8765785025831291,0.48125889997912696,Od_Sk,MIDDLE_ORDOVICIAN
604162.0620000002,5633769.097450001,2184,115.11490739207171,-0.9054583988510132,0.42443502205892436,Od_Sk,MIDDLE_ORDOVICIAN
604241.5236999998,5633727.9747,2218,119.60456441597253,-0.8694555773182863,0.49401113253663154,Od_Sk,MIDDLE_ORDOVICIAN
604315.9241500001,5633677.78395,2236,128.36747502945462,-0.7840459366450824,0.6207028026602871,Od_Sk,MIDDLE_ORDOVICIAN
604372.2165500001,5633605.154950001,2278,150.11352799221925,-0.49828304459884876,0.8670144217170218,Od_Sk,MIDDLE_ORDOVICIAN
604421.4232500006,5633519.53545,2356,150.11352799221925,-0.49828304459884876,0.8670144217170218,Od_Sk,MIDDLE_ORDOVICIAN
604471.1465999997,5633436.0194500005,2371,147.06120822936677,-0.54374278510723,0.8392519190587727,Od_Sk,MIDDLE_ORDOVICIAN
604522.0754499992,5633357.411800001,2398,147.06163122825444,-0.5437365891276961,0.8392559333384418,Od_Sk,MIDDLE_ORDOVICIAN
604575.3345500003,5633278.1962,2394,145.67902284834793,-0.563828462570434,0.8258919207713931,Od_Sk,MIDDLE_ORDOVICIAN
604627.739649999,5633201.43385,2410,145.6788634652088,-0.5638307600018163,0.8258903523324232,Od_Sk,MIDDLE_ORDOVICIAN
604682.1060500008,5633126.824199999,2440,140.19457737089772,-0.6401824090696214,0.7682229384220547,Od_Sk,MIDDLE_ORDOVICIAN
604745.3716500007,5633050.905299999,2512,140.19457736916934,-0.6401824090927953,0.7682229384027432,Od_Sk,MIDDLE_ORDOVICIAN
604812.2814499999,5632985.9188,2535,133.45200756035769,-0.7259507002274894,0.6877467417874241,Od_Sk,MIDDLE_ORDOVICIAN
604855.6816999996,5632899.8268,2544,155.29763384725115,-0.4179045922487398,0.9084909200302523,Od_Sk,MIDDLE_ORDOVICIAN
604896.1970500008,5632819.22635,2584,153.0719820596628,-0.4528707489260034,0.8915761800133519,Od_Sk,MIDDLE_ORDOVICIAN
604928.9897500009,5632737.297250001,2584,163.39297554092389,-0.2858058555468441,0.9582875418866388,Od_Sk,MIDDLE_ORDOVICIAN
604961.1709500004,5632656.475299999,2620,146.31002294602382,-0.5546988823885469,0.8320511702274668,Od_Sk,MIDDLE_ORDOVICIAN
605001.7664500002,5632584.5106500015,2605,155.37633776361807,-0.41665625665475786,0.9090641142353187,Od_Sk,MIDDLE_ORDOVICIAN
605013.9820000003,5632500.920850001,2576,10.243931044235033,0.17783931167687694,0.984059540486395,Od_Sk,MIDDLE_ORDOVICIAN
604997.3746999996,5632409.027449999,2576,10.243931050912538,0.17783931179156362,0.9840595404656687,Od_Sk,MIDDLE_ORDOVICIAN
604983.651099999,5632325.140949999,2556,8.130155212200183,0.1414222695120933,0.9899493631929104,Od_Sk,MIDDLE_ORDOVICIAN
604977.5567499994,5632249.708599999,2524,178.09078294848993,-0.033315957412401974,0.9994448694058592,Od_Sk,MIDDLE_ORDOVICIAN
604996.7473000006,5632173.832000001,2520,138.9908295425087,-0.6561798153848908,0.754604565240266,Od_Sk,MIDDLE_ORDOVICIAN
605060.7175111665,5632119.2115733,2572,120.96375653866298,-0.8574929256533733,0.5144957555261448,Od_Sk,MIDDLE_ORDOVICIAN
603607.5565500003,5634049.78425,2037,161.83967291618242,-0.31167706118184674,0.9501880916603025,OdSl_B,UPPER_ORDOVICIAN
603638.7100499999,5633954.8091,2054,161.83958359398028,-0.311678542492893,0.9501876057650436,OdSl_B,UPPER_ORDOVICIAN
603669.8636499995,5633859.83395,2051,161.83967292054223,-0.31167706110954396,0.950188091684019,OdSl_B,UPPER_ORDOVICIAN
603701.0171500002,5633764.8588000005,2051,161.83958359231636,-0.3116785425204872,0.9501876057559924,OdSl_B,UPPER_ORDOVICIAN
603734.3317499999,5633671.447199998,2067,158.88137510025894,-0.36030006040360835,0.9328364628771519,OdSl_B,UPPER_ORDOVICIAN
603769.8075000003,5633579.599000001,2067,158.88110368898893,-0.3603044792648166,0.9328347561179897,OdSl_B,UPPER_ORDOVICIAN
603805.2832499995,5633487.7508999985,2082,158.88137510626237,-0.36030006030586653,0.9328364629149041,OdSl_B,UPPER_ORDOVICIAN
603840.7589500004,5633395.90275,2080,158.8814799363482,-0.3602983535595428,0.9328371221291972,OdSl_B,UPPER_ORDOVICIAN
603876.2346999997,5633304.0546,2089,158.88110368898893,-0.3603044792648166,0.9328347561179897,OdSl_B,UPPER_ORDOVICIAN
603911.7104499999,5633212.2065,2090,158.88137510123528,-0.3603000603877128,0.9328364628832915,OdSl_B,UPPER_ORDOVICIAN
603961.6080499999,5633128.5484,2096,139.55987012846379,-0.6486531222513757,0.7610841786514431,OdSl_B,UPPER_ORDOVICIAN
604025.9274500003,5633053.0803,2104,139.5598701282078,-0.648653122254776,0.761084178648545,OdSl_B,UPPER_ORDOVICIAN
604090.2468500006,5632977.612199999,2145,139.5598701302091,-0.6486531222281919,0.761084178671202,OdSl_B,UPPER_ORDOVICIAN
604155.730750001,5632903.3222,2134,129.97618645910433,-0.7663115353508866,0.6424691671887197,OdSl_B,UPPER_ORDOVICIAN
604231.6953500002,5632839.634649999,2174,129.97596500237566,-0.7663140185842636,0.6424662052756058,OdSl_B,UPPER_ORDOVICIAN
604307.6599499995,5632775.947150001,2198,129.97596500237566,-0.7663140185842636,0.6424662052756058,OdSl_B,UPPER_ORDOVICIAN
604383.6245499998,5632712.259650001,2214,129.97596500239388,-0.7663140185840592,0.6424662052758495,OdSl_B,UPPER_ORDOVICIAN
604455.8566999999,5632645.80975,2278,138.93027446463984,-0.6569769793716376,0.7539106369960029,OdSl_B,UPPER_ORDOVICIAN
604519.3797999999,5632572.914449999,2319,138.9302744695806,-0.6569769793066256,0.7539106370526558,OdSl_B,UPPER_ORDOVICIAN
604582.9029,5632500.01905,2335,138.93027446619263,-0.6569769793512054,0.753910637013808,OdSl_B,UPPER_ORDOVICIAN
604641.3927000004,5632425.9088,2366,144.6372606953609,-0.5787509544976069,0.8155043425194675,OdSl_B,UPPER_ORDOVICIAN
604694.8492499995,5632350.58365,2417,144.63769313884632,-0.5787447994110068,0.8155087106553268,OdSl_B,UPPER_ORDOVICIAN
604747.8198999998,5632274.626699999,2428,149.23729279923572,-0.5114836747965071,0.8592929945115699,OdSl_B,UPPER_ORDOVICIAN
604796.4167999998,5632192.983899999,2404,149.2372927989341,-0.5114836748010307,0.8592929945088773,OdSl_B,UPPER_ORDOVICIAN
604845.0137000008,5632111.34115,2428,149.23713858352414,-0.511485987643554,0.8592916178133579,OdSl_B,UPPER_ORDOVICIAN
604648.9432000003,5631977.875949999,2388,129.14709113822283,0.7755277954589221,-0.6313134233252324,Dv_A,UPPER_DEVONIAN
604571.8905499995,5632040.60035,2369,129.1472731720058,0.7755257897161622,-0.6313158872427678,Dv_A,UPPER_DEVONIAN
604494.8378500005,5632103.324750001,2326,129.14727317179387,0.7755257897184971,-0.6313158872398994,Dv_A,UPPER_DEVONIAN
604417.7852500004,5632166.049149999,2331,129.14727317179387,0.7755257897184971,-0.6313158872398994,Dv_A,UPPER_DEVONIAN
604340.7325500003,5632228.77355,2341,129.14727316776754,0.7755257897628617,-0.6313158871854007,Dv_A,UPPER_DEVONIAN
604263.1196,5632290.624600001,2342,127.15827251561296,0.7969700253948814,-0.6040188561808996,Dv_A,UPPER_DEVONIAN
604184.19935,5632350.4378499985,2264,127.15832833374841,0.7969694369531448,-0.6040196325969772,Dv_A,UPPER_DEVONIAN
604105.6572,5632409.964549999,2240,127.15831972615722,0.7969695276954926,-0.6040195128676087,Dv_A,UPPER_DEVONIAN
604032.7290999994,5632466.4612,2204,129.28779545915586,0.7739751082629746,-0.6332160230042484,Dv_A,UPPER_DEVONIAN
603964.0639999997,5632521.5714,2210,124.17705818038331,0.8273055719339012,-0.5617521612304849,Dv_A,UPPER_DEVONIAN
603887.3407499995,5632573.6675,2222,124.17688465913396,0.8273072732061467,-0.5617496557188177,Dv_A,UPPER_DEVONIAN
603810.6174499998,5632625.763599999,2147,124.17688465913396,0.8273072732061467,-0.5617496557188177,Dv_A,UPPER_DEVONIAN
603730.4775,5632676.8786,2159,120.96365569728825,0.8574938311717837,-0.5144942463257842,Dv_A,UPPER_DEVONIAN
603646.9207999994,5632727.012600001,2195,120.96365569728825,0.8574938311717837,-0.5144942463257842,Dv_A,UPPER_DEVONIAN
603563.3640999999,5632777.146599999,2193,120.96365569394256,0.8574938312018267,-0.5144942462757124,Dv_A,UPPER_DEVONIAN
603477.5499500001,5632825.8440000005,2260,118.98900342445309,0.8747127388193956,-0.48464174866293946,Dv_A,UPPER_DEVONIAN
603390.7682500002,5632873.9257499995,2306,118.9887508434087,0.874714875291455,-0.484637892600088,Dv_A,UPPER_DEVONIAN
603303.9865500003,5632922.0075,2342,118.98900342445309,0.8747127388193956,-0.48464174866293946,Dv_A,UPPER_DEVONIAN
603217.2048500003,5632970.089199999,2338,118.98900342445309,0.8747127388193956,-0.48464174866293946,Dv_A,UPPER_DEVONIAN
603133.3750815117,5633017.113371635,2290,119.61142659315715,0.8693964045619073,-0.49411526158865854,Dv_A,UPPER_DEVONIAN
604732.8381181007,5631909.580552993,2541,129.14581975458952,0.7755418040058194,-0.631296214339512,Dv_A,UPPER_DEVONIAN
603062.2106500012,5636741.551700001,2188,1.4705986287640416,0.025663969995152424,0.9996706260784539,Dv_A,UPPER_DEVONIAN
603059.2547999996,5636650.761949999,2152,5.194401941885239,0.09053527733248103,0.995893249077596,Dv_A,UPPER_DEVONIAN
603050.5458000001,5636554.96245,2126,5.194401942136347,0.09053527733684567,0.9958932490771992,Dv_A,UPPER_DEVONIAN
603038.9058499997,5636460.98015,2102,7.877951953922037,0.13706337693542167,0.9905622800728173,Dv_A,UPPER_DEVONIAN
603025.9778500001,5636367.5476,2102,7.8790862944893725,0.13708298803852864,0.9905595663010017,Dv_A,UPPER_DEVONIAN
603012.7620000001,5636272.05265,2070,7.879421392345642,0.13708878138414088,0.9905587645458553,Dv_A,UPPER_DEVONIAN
602999.5462000007,5636176.5577,2054,7.87938065375552,0.13708807707450713,0.9905588620188172,Dv_A,UPPER_DEVONIAN
602993.4819999994,5636078.29455,2054,3.06036340375208,0.05338802330628718,0.9985738425211464,Dv_A,UPPER_DEVONIAN
602988.2124000008,5635979.7238,2035,3.060347909348667,0.05338775326360347,0.9985738569587453,Dv_A,UPPER_DEVONIAN
602982.9428500002,5635881.153100001,2000,3.060058102734146,0.05338270239684814,0.998574126985478,Dv_A,UPPER_DEVONIAN
602977.0558999995,5635783.210649999,2000,4.343045616215705,0.07572787855247438,0.9971285215106133,Dv_A,UPPER_DEVONIAN
602969.7286000004,5635686.73435,1982,4.343045616633351,0.07572787855974275,0.9971285215100614,Dv_A,UPPER_DEVONIAN
602962.4013000001,5635590.257999999,1954,4.343068032296375,0.07572826866346047,0.997128491883185,Dv_A,UPPER_DEVONIAN
602955.4403999997,5635494.025899999,1946,3.652172010411871,0.06369926992309294,0.9979691393080574,Dv_A,UPPER_DEVONIAN
602949.3342999995,5635398.363700001,1946,3.652172010411871,0.06369926992309294,0.9979691393080574,Dv_A,UPPER_DEVONIAN
602949.3341999997,5635305.500149999,1927,176.12151842608955,-0.0676405882014816,0.997709752797755,Dv_A,UPPER_DEVONIAN
602957.5338500005,5635215.76235,1921,171.634104606013,-0.1454941505644565,0.9893591118251892,Dv_A,UPPER_DEVONIAN
602970.6183499997,5635126.7878,1921,171.63415095974634,-0.14549335014788917,0.9893592295333096,Dv_A,UPPER_DEVONIAN
602992.3344999998,5635036.2595,1911,165.9639051636414,-0.24253310837893066,0.9701431293062143,Dv_A,UPPER_DEVONIAN
603015.4327999991,5634966.5354,1901,155.22502217752168,-0.4190555984380011,0.9079605748146605,Dv_A,UPPER_DEVONIAN
603059.5049999997,5634897.68725,1908,135.88086064144525,-0.6961526441331972,0.7178937916338031,Dv_A,UPPER_DEVONIAN
603119.3890999996,5634850.4432500005,1932,113.96252121584678,-0.9138113200793807,0.4061389802700297,Dv_A,UPPER_DEVONIAN
603205.4851000004,5634816.554299999,1947,109.13351531047505,-0.9447573435683098,0.32777059321078594,Dv_A,UPPER_DEVONIAN
603291.5810499995,5634783.4288,1969,113.07033053953627,-0.9200245378284516,0.39186075306611684,Dv_A,UPPER_DEVONIAN
603367.6020000007,5634743.2813,2021,130.36461828560851,-0.7619383941133618,0.6476495067364377,Dv_A,UPPER_DEVONIAN
603413.0312999994,5634681.5485,2021,156.80140948551474,-0.39391929859259595,0.9191450300123031,Dv_A,UPPER_DEVONIAN
603446.9202000005,5634603.237850001,2036,155.07825572757537,-0.42138001453931634,0.9068841620333027,Dv_A,UPPER_DEVONIAN
603489.0522000003,5634512.5622499995,2037,155.0782557207036,-0.42138001464808394,0.9068841619827642,Dv_A,UPPER_DEVONIAN
603529.8714999999,5634422.2530499995,2037,161.56495239924257,-0.31622940154490903,0.9486827528729237,Dv_A,UPPER_DEVONIAN
603558.8754999998,5634335.2412,2032,161.56505117891777,-0.3162277659863756,0.948683298060668,Dv_A,UPPER_DEVONIAN
603573.3773999994,5634245.63425,2033,176.30867235895892,-0.06438126179111889,0.9979253745296707,Dv_A,UPPER_DEVONIAN
603579.4835999995,5634150.98975,2037,176.3086723524613,-0.06438126190428826,0.9979253745223694,Dv_A,UPPER_DEVONIAN
603746.082849999,5633418.618799999,2071,167.1736952227816,-0.2219961701715173,0.9750475375227501,Dv_A,UPPER_DEVONIAN
603767.3153999995,5633325.362049999,2078,167.17333667145448,-0.2220022719183212,0.9750461482735593,Dv_A,UPPER_DEVONIAN
603787.79535,5633233.290200001,2098,167.75361347114034,-0.21211604073079895,0.9772444859218649,Dv_A,UPPER_DEVONIAN
603807.5227499998,5633142.4033,2087,167.75361346534868,-0.2121160408295826,0.9772444859004233,Dv_A,UPPER_DEVONIAN
603827.2501500007,5633051.516350001,2087,167.75354812720013,-0.2121171552456534,0.9772442440099054,Dv_A,UPPER_DEVONIAN
603852.3040000007,5632968.23865,2090,162.71829038921183,-0.2970700730150471,0.9548556810947058,Dv_A,UPPER_DEVONIAN
603890.7334499991,5632887.601500001,2085,153.64589058036634,-0.4439176237226095,0.8960675997649238,Dv_A,UPPER_DEVONIAN
603929.9969500003,5632808.3474,2085,153.64546800019224,-0.4439242325813032,0.8960643256636774,Dv_A,UPPER_DEVONIAN
603970.0775500007,5632737.166449999,2090,144.87790572058827,-0.575320702477063,0.8179279242704082,Dv_A,UPPER_DEVONIAN
604024.3781499993,5632659.9679499995,2152,144.8779057208773,-0.5753207024729371,0.8179279242733103,Dv_A,UPPER_DEVONIAN
604078.6788499999,5632582.7694500005,2204,144.87790571509694,-0.5753207025554546,0.8179279242152684,Dv_A,UPPER_DEVONIAN
604135.9871999992,5632508.62245,2200,139.6893929676141,-0.6469309594134011,0.7625485779623856,Dv_A,UPPER_DEVONIAN
604196.3033000003,5632437.52705,2227,139.68939296270426,-0.6469309594787461,0.7625485779069481,Dv_A,UPPER_DEVONIAN
604260.6633499996,5632369.35635,2253,129.7365038199706,-0.7689924323756785,0.6392578814132349,Dv_A,UPPER_DEVONIAN
604334.4595000003,5632308.009849999,2249,129.7366946605903,-0.7689903031330769,0.6392604427674987,Dv_A,UPPER_DEVONIAN
604408.1493,5632252.789650001,2286,125.53337221496892,-0.8137771469221046,0.5811770428598498,Dv_A,UPPER_DEVONIAN
604485.8326500002,5632206.6663999995,2326,115.8827993877198,-0.8996888695103732,0.43653171486061204,Dv_A,UPPER_DEVONIAN
604567.5552499997,5632167.0145,2353,115.88279937979192,-0.899688869570775,0.43653171473612423,Dv_A,UPPER_DEVONIAN
604654.711700001,5632140.377049999,2370,106.01612096920267,-0.9611841034633108,0.2759078093302754,Dv_A,UPPER_DEVONIAN
604742.4718999997,5632115.1855500005,2404,106.01612096550005,-0.9611841034811408,0.2759078092681609,Dv_A,UPPER_DEVONIAN
604828.59335,5632070.58935,2421,118.54691713621307,-0.8784260925614662,0.4778782270696107,Dv_A,UPPER_DEVONIAN
603592.2958499993,5634087.0246,2037,167.3806985901021,-0.21847198916914817,0.9758432199633688,Dv_A,UPPER_DEVONIAN
603615.5095500005,5633991.6206,2043,163.71526416887738,-0.2804109972316068,0.9598800303327367,Dv_A,UPPER_DEVONIAN
603641.9693500008,5633901.046800001,2054,163.715264171256,-0.2804109971917578,0.959880030344378,Dv_A,UPPER_DEVONIAN
603663.3407000003,5633809.4553499995,2051,170.02793571553394,-0.17316799411788553,0.9848923016315986,Dv_A,UPPER_DEVONIAN
603679.6235500006,5633716.8462,2062,170.02818302563165,-0.17316374295129278,0.9848930490805073,Dv_A,UPPER_DEVONIAN
603699.3711999997,5633623.7837000005,2070,167.1734031677127,-0.22200114030043308,0.9750464059239987,Dv_A,UPPER_DEVONIAN
603720.6037500002,5633530.526950002,2078,167.1736287291735,-0.22199730174562005,0.9750472798883468,Dv_A,UPPER_DEVONIAN
602399.0773000002,5634247.305699999,2004,24.775051039479195,-0.4190567587002604,-0.9079600393121008,Dv_PMH,UPPER_DEVONIAN
602435.5683000005,5634332.8444,2006,22.425977495876367,-0.3814895197153091,-0.9243731640129881,Dv_PMH,UPPER_DEVONIAN
602956.7425499996,5636614.224850001,2160,4.882851804397961,0.08511872066748018,0.9963708162084695,Dv_PMH,UPPER_DEVONIAN
602948.5361499999,5636518.1621,2142,4.882826512583767,0.08511828084405441,0.9963708537819403,Dv_PMH,UPPER_DEVONIAN
602940.3297500003,5636422.09935,2121,4.882851804397961,0.08511872066748018,0.9963708162084695,Dv_PMH,UPPER_DEVONIAN
602933.128100001,5636330.7456,2145,3.458521366575928,0.06032593516976262,0.9981787322648653,Dv_PMH,UPPER_DEVONIAN
602927.6884499996,5636240.743549999,2106,3.45894940458586,0.06033339223458116,0.9981782815617,Dv_PMH,UPPER_DEVONIAN
602921.6663499994,5636141.105299999,2091,3.458966720155947,0.06033369389774,0.998178263328076,Dv_PMH,UPPER_DEVONIAN
602913.224600001,5636044.8237,2091,6.66643870080225,0.11608896227231248,0.993238819639334,Dv_PMH,UPPER_DEVONIAN
602902.3632500003,5635951.898699999,2048,6.666742839693666,0.11609423460584863,0.9932382033990045,Dv_PMH,UPPER_DEVONIAN
602891.7980499998,5635859.0504,2032,4.899295240379119,0.0854046677093169,0.9963463467757893,Dv_PMH,UPPER_DEVONIAN
602883.8989000001,5635766.893399999,2032,4.898986645686834,0.08539930139319589,0.9963468067503173,Dv_PMH,UPPER_DEVONIAN
602875.9997500005,5635674.736299999,1998,4.899295240871823,0.08540466771788478,0.9963463467750547,Dv_PMH,UPPER_DEVONIAN
602865.0725500004,5635583.6983,1988,7.062490069849932,0.12295179857999085,0.9924126436245889,Dv_PMH,UPPER_DEVONIAN
602854.3017500001,5635492.01025,2035,3.674324417410843,0.06408511239519919,0.997944436514025,Dv_PMH,UPPER_DEVONIAN
602847.9659500004,5635393.352849999,2019,3.6743244179297005,0.06408511240423634,0.9979444365134446,Dv_PMH,UPPER_DEVONIAN
602850.0641500003,5635296.958150001,2002,173.6156531900309,-0.11119743094795308,0.9937983353530911,Dv_PMH,UPPER_DEVONIAN
602860.5963499999,5635202.826299999,1990,173.61568682132784,-0.11119684761130463,0.9937984006232391,Dv_PMH,UPPER_DEVONIAN
602874.7270999992,5635108.694399999,1963,166.5414974541165,-0.23274104704409446,0.9725387421695953,Dv_PMH,UPPER_DEVONIAN
602897.2543999997,5635014.5625,1943,166.5414974537814,-0.2327410470497825,0.972538742168234,Dv_PMH,UPPER_DEVONIAN
602922.2757500004,5634924.051100001,1938,162.42873123338026,-0.3018918708892842,0.9533421727223482,Dv_PMH,UPPER_DEVONIAN
602956.5494500002,5634837.763600001,1918,154.41163625834758,-0.4319025858039864,0.9019202605418232,Dv_PMH,UPPER_DEVONIAN
603004.8221999994,5634757.69115,1918,135.78494336999074,-0.6973534741185675,0.7167273764373483,Dv_PMH,UPPER_DEVONIAN
603077.2313000003,5634704.289500001,1928,116.56505117640805,-0.894427191005145,0.4472135954894997,Dv_PMH,UPPER_DEVONIAN
603156.8812999999,5634664.464500001,1971,116.56505117607307,-0.8944271910077595,0.44721359548427053,Dv_PMH,UPPER_DEVONIAN
603235.6003500002,5634616.7261500005,1993,121.73352955749961,-0.850503457129352,0.5259694567282593,Dv_PMH,UPPER_DEVONIAN
603311.1127499995,5634563.4538,2027,128.65951876414664,-0.7808719657376905,0.6246911021656666,Dv_PMH,UPPER_DEVONIAN
603370.3434000005,5634495.389150001,2035,143.49857421904156,-0.5948427902012056,0.8038420584577821,Dv_PMH,UPPER_DEVONIAN
603407.4169000011,5634414.290900001,2035,160.52343914540032,-0.33342120585872576,0.9427779693457591,Dv_PMH,UPPER_DEVONIAN
603436.6391,5634326.831050001,2049,163.6790253701443,-0.2810180521249525,0.9597024822203479,Dv_PMH,UPPER_DEVONIAN
603464.0511999987,5634233.216449999,2060,163.67902536860703,-0.2810180521507018,0.9597024822128082,Dv_PMH,UPPER_DEVONIAN
603491.4632000007,5634139.60185,2060,163.67902537047243,-0.2810180521194566,0.9597024822219574,Dv_PMH,UPPER_DEVONIAN
603516.0305500003,5634044.924099999,2045,167.21668715303423,-0.22126448010919758,0.9752138380078528,Dv_PMH,UPPER_DEVONIAN
603537.7533,5633949.1831,2085,167.2164025779411,-0.22126932377158876,0.9752127390255235,Dv_PMH,UPPER_DEVONIAN
603558.969150001,5633853.5548,2100,167.60922132118296,-0.21457813639051382,0.9767068257072712,Dv_PMH,UPPER_DEVONIAN
603579.9677499998,5633757.9747,2100,167.609221321768,-0.21457813638054105,0.9767068257094623,Dv_PMH,UPPER_DEVONIAN
603603.3740000008,5633661.507649999,2086,165.83791771476712,-0.24466576397048262,0.9696074793135314,Dv_PMH,UPPER_DEVONIAN
603626.9199499995,5633565.863,2091,169.63349406829252,-0.17994413648548174,0.9836768309483019,Dv_PMH,UPPER_DEVONIAN
603642.4362000001,5633481.0409,2091,169.6338208693388,-0.17993852583164355,0.9836778572894354,Dv_PMH,UPPER_DEVONIAN
603626.8165499996,5633516.4179,2091,161.56515009039973,0.31622612824449114,-0.9486838439730586,Dv_PMH,UPPER_DEVONIAN
603597.8529,5633603.308800001,2086,161.5648533574545,0.31623104144247005,-0.9486822062356871,Dv_PMH,UPPER_DEVONIAN
603570.6457500006,5633693.27225,2101,163.83759464981253,0.2783609489214246,-0.9604765390760798,Dv_PMH,UPPER_DEVONIAN
603544.1913500003,5633784.5526,2100,163.83751074231614,0.2783623555025956,-0.9604761314259956,Dv_PMH,UPPER_DEVONIAN
603514.2811999999,5633873.197900001,2100,158.79715140781184,0.36167092226912995,-0.9323058210614138,Dv_PMH,UPPER_DEVONIAN
603483.3866000008,5633962.5449,2099,162.95102176599428,0.2931890771764038,-0.9560544780630698,Dv_PMH,UPPER_DEVONIAN
603455.0695000009,5634051.892000001,2077,161.00882342070096,0.325422542871105,-0.9455687011483109,Dv_PMH,UPPER_DEVONIAN
603426.9996000002,5634133.45365,2086,161.00871534190068,0.32542432652600034,-0.9455680872920253,Dv_PMH,UPPER_DEVONIAN
603393.4964,5634170.952499999,2086,28.474430670408548,0.47676652393381513,0.8790299663015287,Dv_PMH,UPPER_DEVONIAN
603342.4113999999,5634195.537149999,2098,143.13003333804707,0.6000009636462347,-0.7999992772644171,Dv_PMH,UPPER_DEVONIAN
603288.5805999998,5634209.010850001,2082,35.63374301389035,0.5826017259208153,0.8127577923059779,Dv_PMH,UPPER_DEVONIAN
603238.2458999993,5634180.7704,2082,147.60863638572695,0.5356995205017765,-0.8444086828865313,Dv_PMH,UPPER_DEVONIAN
603188.3581999996,5634177.57755,2059,33.163027389166785,0.5470231507093236,0.8371174783673104,Dv_PMH,UPPER_DEVONIAN
603117.5735499999,5634184.2345,2031,119.29136893503463,0.8721429833551045,-0.48925107724404415,Dv_PMH,UPPER_DEVONIAN
603044.3623999995,5634163.92825,2007,70.55990995121131,0.9429900128165781,0.332821026571624,Dv_PMH,UPPER_DEVONIAN
603011.5563000002,5634210.623200001,2007,171.38437329254646,0.1498050088185452,-0.9887155603776424,Dv_PMH,UPPER_DEVONIAN
602962.1475,5634227.46525,1981,68.86602196241653,0.9327398823724441,0.36055001294111627,Dv_PMH,UPPER_DEVONIAN
602923.6741500006,5634245.584450001,1960,169.16991783988612,0.1878970217021375,-0.982188734019825,Dv_PMH,UPPER_DEVONIAN
602889.3513999998,5634326.44245,1950,127.00261667731492,0.7986080245422305,-0.6018514959163567,Dv_PMH,UPPER_DEVONIAN
602862.9149000001,5634392.98065,1940,178.88380618355683,0.01948002495827072,-0.9998102463105814,Dv_PMH,UPPER_DEVONIAN
602854.3900999998,5634475.227500001,1946,151.8213031810561,0.47222305420328087,-0.8814790905511743,Dv_PMH,UPPER_DEVONIAN
602792.7156,5634437.44585,1940,49.48478601834074,0.7602334882095598,0.6496499391246989,Dv_PMH,UPPER_DEVONIAN
602727.3161499996,5634389.50045,1949,78.69006752627197,0.9805806756919203,0.19611613513318354,Dv_PMH,UPPER_DEVONIAN
602706.8289499996,5634460.647050001,1968,167.60452804817834,0.21465814072182968,-0.9766892456773787,Dv_PMH,UPPER_DEVONIAN
602670.6437500007,5634487.360100001,1968,36.86965837527538,0.5999966591473873,0.8000025056285597,Dv_PMH,UPPER_DEVONIAN
602613.7478000008,5634413.606199999,1988,37.73660675151224,0.6120324346534657,0.7908326617762769,Dv_PMH,UPPER_DEVONIAN
602556.3410500002,5634342.5660999995,1987,39.07758012130006,0.6303720916524245,0.7762931315332807,Dv_PMH,UPPER_DEVONIAN
602509.5567499998,5634271.40795,1971,30.614574200836543,0.5092603443273156,0.8606125154188868,Dv_PMH,UPPER_DEVONIAN
602440.0776500002,5634216.91955,1988,80.31129300805306,0.9857366592279564,0.1682950939692181,Dv_PMH,UPPER_DEVONIAN
602726.0470500011,5636936.3006,2100,126.86983678308223,-0.8000006373528997,0.5999991501951933,Dv_PMH,UPPER_DEVONIAN
602799.9043999999,5636879.614600001,2163,128.15733142275022,-0.7863172083790663,0.617822990675284,Dv_PMH,UPPER_DEVONIAN
602872.6755499998,5636822.9803,2221,125.5377847194992,-0.8137323864768804,0.5812397123378966,Dv_PMH,UPPER_DEVONIAN
602939.4729499992,5636763.7859,2210,147.33924214114305,-0.5396638392319237,0.8418805976060146,Dv_PMH,UPPER_DEVONIAN
602960.6526000006,5636685.76505,2187,1.9412479844311004,0.03387468707599393,0.9994260881003175,Dv_PMH,UPPER_DEVONIAN
602416.9759499994,5634397.77885,2059,59.743313212895266,0.8637767056484912,0.503874788790866,Dv_Ss,UPPER_DEVONIAN
602372.5763000011,5634371.27785,2029,172.14663851519512,0.13663823019879945,-0.9906210143380464,Dv_Ss,UPPER_DEVONIAN
602344.9151500005,5634425.7081,2127,83.65985237452867,0.9938838197107809,0.11043076073770444,Dv_Ss,UPPER_DEVONIAN
602698.4723500004,5636347.23095,2263,5.758267615910605,0.10033163165914723,0.9949540510438726,Dv_Ss,UPPER_DEVONIAN
602688.5207500001,5636251.0571,2228,7.218936533763187,0.1256611254465633,0.9920732238859705,Dv_Ss,UPPER_DEVONIAN
602676.5105000003,5636156.239499999,2213,7.219152268921261,0.12566486088789175,0.9920727507285073,Dv_Ss,UPPER_DEVONIAN
602664.9177500003,5636064.7174,2213,7.218844191175674,0.12565952653965212,0.9920734264104802,Dv_Ss,UPPER_DEVONIAN
602651.6778999995,5635969.64355,2190,8.583696499057968,0.14925398699183298,0.988798891265075,Dv_Ss,UPPER_DEVONIAN
602636.7910000006,5635871.01795,2196,8.583696500255696,0.14925398701250314,0.988798891261955,Dv_Ss,UPPER_DEVONIAN
602621.9041000004,5635772.392349999,2196,8.583696494772397,0.14925398691787348,0.9887988912762389,Dv_Ss,UPPER_DEVONIAN
602611.70655,5635673.2643,2159,5.572204783175682,0.09710008552005393,0.99527462209784,Dv_Ss,UPPER_DEVONIAN
602602.0301499995,5635574.080399999,2142,5.572204783175682,0.09710008552005393,0.99527462209784,Dv_Ss,UPPER_DEVONIAN
602587.3541499996,5635483.5247,2142,9.6480515296071,0.1675956008461776,0.985855828494719,Dv_Ss,UPPER_DEVONIAN
602572.5706500004,5635393.2108,2182,6.340094261034141,0.11042983504904352,0.9938839225639186,Dv_Ss,UPPER_DEVONIAN
602561.8190000006,5635296.446,2167,6.3403867097631945,0.11043490802317929,0.993883358895757,Dv_Ss,UPPER_DEVONIAN
602556.0353499998,5635200.39465,2155,176.4784861510031,-0.06142332236230238,0.9981118050949886,Dv_Ss,UPPER_DEVONIAN
602579.6698500002,5635128.655550001,2085,106.15533286264223,-0.9605108921314146,0.27824238731169953,Dv_Ss,UPPER_DEVONIAN
602586.3695999999,5635057.355800001,2068,11.093653775882945,0.19241327491067098,0.9813139821882446,Dv_Ss,UPPER_DEVONIAN
602565.2429000001,5634968.333349999,2126,14.379065191244988,0.2483359683579094,0.9686739631164552,Dv_Ss,UPPER_DEVONIAN
602547.6028000001,5634878.17825,2111,7.917544919973727,0.13774785004886012,0.9904673289952157,Dv_Ss,UPPER_DEVONIAN
602534.6249000002,5634784.86075,2093,7.917544912141962,0.13774784991347302,0.9904673290140443,Dv_Ss,UPPER_DEVONIAN
602518.0866500004,5634686.989250001,2077,9.766491622813353,0.16963317250252763,0.985507273837554,Dv_Ss,UPPER_DEVONIAN
602501.1528500002,5634588.611649999,2059,9.76649161655759,0.16963317239492634,0.9855072738560752,Dv_Ss,UPPER_DEVONIAN
602479.9453000004,5634491.66505,2059,12.626738784038775,0.2185986582835631,0.9758148526214521,Dv_Ss,UPPER_DEVONIAN
602459.4175999996,5634401.570700001,2034,13.077174909269186,0.22626328374850543,0.9740661817491372,Dv_Ss,UPPER_DEVONIAN
602289.0632500001,5636575.017999999,2189,92.80255343129406,-0.9988039593213105,0.04889428232496834,Dv_Ss,UPPER_DEVONIAN
602385.1560499994,5636570.31415,2204,92.80225601341512,-0.9988042131142226,0.048889097611620615,Dv_Ss,UPPER_DEVONIAN
602478.1973499993,5636561.166400001,2220,96.86985137654038,-0.9928204196227183,0.11961444051689342,Dv_Ss,UPPER_DEVONIAN
602557.5183500003,5636550.96115,2224,100.61974465551089,-0.982871899449638,0.18429006829522993,Dv_Ss,UPPER_DEVONIAN
602647.9934000003,5636524.7137,2275,120.78422961158331,-0.859100801733389,0.51180642088689,Dv_Ss,UPPER_DEVONIAN
602705.0846499992,5636472.944500001,2275,168.69014951011204,-0.19611473203191732,0.9805809563111295,Dv_Ss,UPPER_DEVONIAN
602330.1885000004,5634399.235750001,2127,15.018643266641758,0.25913333050955173,0.9658415589624559,Dv_Pa,UPPER_DEVONIAN
602490.9156499996,5635743.750400001,2298,8.229468933272729,0.14313798634027192,0.9897027416686548,Dv_Pa,UPPER_DEVONIAN
602476.6318500005,5635646.67455,2277,9.673412387438168,0.1680319542431157,0.9857815490022318,Dv_Pa,UPPER_DEVONIAN
602460.5374500002,5635552.2542,2261,9.673462644414576,0.1680328189210513,0.9857814016126725,Dv_Pa,UPPER_DEVONIAN
602442.9946000003,5635460.207800001,2243,13.596717606135263,0.23508643045093705,0.9719744699413853,Dv_Pa,UPPER_DEVONIAN
602422.0719000001,5635373.700549999,2273,13.59664193008502,0.23508514667050515,0.9719747804418112,Dv_Pa,UPPER_DEVONIAN
602405.3337500002,5635283.37095,2251,5.102362345014562,0.08893536425980449,0.9960373993901914,Dv_Pa,UPPER_DEVONIAN
602397.2864999997,5635193.242449999,2237,5.102046998961358,0.0889298822410138,0.9960378888599567,Dv_Pa,UPPER_DEVONIAN
602445.7305999999,5635143.832800001,2192,4.909257660055601,0.08557790815588265,0.996331481804958,Dv_Pa,UPPER_DEVONIAN
602437.7754000002,5635055.290750001,2175,6.927328048260604,0.1206103350815087,0.9926999280102352,Dv_Pa,UPPER_DEVONIAN
602425.8195500008,5634956.88515,2186,6.9270411719975735,0.12060536469564961,0.9927005318859405,Dv_Pa,UPPER_DEVONIAN
602412.8980999994,5634865.88295,2186,8.633184464229924,0.15010798443384754,0.9886696076087338,Dv_Pa,UPPER_DEVONIAN
602399.056950001,5634775.110700001,2170,8.746228405362118,0.15205832523977114,0.9883715221136614,Dv_Pa,UPPER_DEVONIAN
602384.0202499998,5634678.59045,2140,9.955719654720026,0.17288702920852678,0.9849416607756268,Dv_Pa,UPPER_DEVONIAN
602368.8455499999,5634592.140700001,2093,9.955663227090522,0.17288605919069308,0.9849418310425809,Dv_Pa,UPPER_DEVONIAN
602353.4776499993,5634505.819649999,2167,10.154242567576281,0.1762986877482358,0.9843367171340557,Dv_Pa,UPPER_DEVONIAN
602047.297683567,5636426.280004943,2245,91.9750079966227,-0.9994059548517974,0.03446356636749529,Dv_Pa,UPPER_DEVONIAN
602137.8453500008,5636423.898550001,2233,90.48541544728586,-0.9999641119941347,0.008471996446038148,Dv_Pa,UPPER_DEVONIAN
602232.8021000003,5636423.09385,2280,90.4854128858481,-0.9999641123728787,0.008471951742120523,Dv_Pa,UPPER_DEVONIAN
602324.0035000007,5636422.101400001,2314,90.68617099594681,-0.9999282892503899,0.01197565684163947,Dv_Pa,UPPER_DEVONIAN
602409.8402000002,5636419.553099999,2297,92.80666381479449,-0.9988004490886997,0.04896593612105965,Dv_Pa,UPPER_DEVONIAN
602494.0137499999,5636402.5736,2287,107.24150766339298,-0.9550638871320195,0.29640001939317895,Dv_Pa,UPPER_DEVONIAN
602539.5930500006,5636340.706750001,2324,178.7362144248295,-0.02205543081965369,0.9997567494002526,Dv_Pa,UPPER_DEVONIAN
602541.1380999995,5636253.539650001,2303,1.32175722284971,0.02306696936243807,0.999733922063482,Dv_Pa,UPPER_DEVONIAN
602538.8849000004,5636169.2052,2277,3.2703430921303336,0.05704726687649888,0.9983714786300346,Dv_Pa,UPPER_DEVONIAN
602533.1920499993,5636078.846650001,2277,6.527974950309626,0.1136883166726451,0.9935164652144122,Dv_Pa,UPPER_DEVONIAN
602522.61575,5635986.4191,2262,6.527939948437198,0.11368770973548356,0.9935165346661827,Dv_Pa,UPPER_DEVONIAN
602511.2749500007,5635894.474200001,2234,7.248741489448737,0.12617717956509925,0.9920077214200484,Dv_Pa,UPPER_DEVONIAN
602499.3651500004,5635802.173,2323,8.229468933272729,0.14313798634027192,0.9897027416686548,Dv_Pa,UPPER_DEVONIAN
603067.8951000004,5636761.861749999,2188,143.56907003022988,0.5938533057823758,-0.8045733348870965,Dv_Pa,UPPER_DEVONIAN
603017.2832499999,5636822.274100001,2188,137.3535942810486,0.6774719366236782,-0.7355486218377159,Dv_Pa,UPPER_DEVONIAN
602955.6429000001,5636887.379000001,2186,129.6441749534227,0.7700215609470101,-0.6380178647002996,Dv_Pa,UPPER_DEVONIAN
602884.9080999992,5636945.9878,2122,129.64417495565914,0.7700215609221059,-0.6380178647303567,Dv_Pa,UPPER_DEVONIAN
602795.3780499997,5636968.825050001,2113,101.63355459693264,0.979457322711666,-0.20165156331279788,Dv_Pa,UPPER_DEVONIAN
603748.3890986929,5635369.375589203,2019,162.2417796489866,0.30500093820177204,-0.9523520502923478,Cb_Bf_l_u,MISSISSIPPIAN
603720.2353000001,5635448.88695,1986,157.32864630954197,0.3854447505094261,-0.9227309165215644,Cb_Bf_l_u,MISSISSIPPIAN
603680.8662500001,5635536.723049999,1982,151.99060449598403,0.46961634440909167,-0.8828705958767918,Cb_Bf_l_u,MISSISSIPPIAN
603639.2849999999,5635614.895650001,1944,151.99089014435836,0.4696119428478077,-0.8828729371402815,Cb_Bf_l_u,MISSISSIPPIAN
603595.4584500011,5635697.559,1931,152.07606604670494,0.46829894556020657,-0.8835700864035624,Cb_Bf_l_u,MISSISSIPPIAN
603547.8064000001,5635775.814750001,1911,145.06917937703338,0.5725869678492221,-0.8198439877496412,Cb_Bf_l_u,MISSISSIPPIAN
603496.3600500001,5635851.41975,1901,146.43365261999904,0.5529022383420564,-0.8332461310059255,Cb_Bf_l_u,MISSISSIPPIAN
603444.6954499995,5635929.2806,1907,146.43382213310417,0.5528997731294547,-0.8332477667977258,Cb_Bf_l_u,MISSISSIPPIAN
603381.9269000001,5635996.776249999,1909,136.029498734679,0.6942879262798105,-0.7196973498784611,Cb_Bf_l_u,MISSISSIPPIAN
603328.98615,5636054.6077,1906,140.94705781533867,0.6300382171534255,-0.7765641280191438,Cb_Bf_l_u,MISSISSIPPIAN
603286.8626999996,5636104.58435,1906,133.83561778611707,0.7213298194948907,-0.6925917206460588,Cb_Bf_l_u,MISSISSIPPIAN
605422.3750500004,5632907.5839,2343,138.64997405077426,0.6606573581878704,-0.750687588196464,Cb_Bf_l_u,MISSISSIPPIAN
605357.9274500005,5632980.813999999,2299,138.6499740505176,0.6606573581912328,-0.7506875881935047,Cb_Bf_l_u,MISSISSIPPIAN
605287.8638499998,5633050.5622499995,2284,134.45753319630592,0.7137697570090525,-0.7003804208994125,Cb_Bf_l_u,MISSISSIPPIAN
605222.1676000005,5633122.2993,2284,140.67953801077445,0.6336571930754735,-0.7736139616525235,Cb_Bf_l_u,MISSISSIPPIAN
605161.4625000004,5633196.41205,2271,140.67934853175393,0.6336597514387323,-0.7736118661231898,Cb_Bf_l_u,MISSISSIPPIAN
605101.4072500002,5633270.677349999,2264,144.4359644327705,0.5816124739804771,-0.8134659981279543,Cb_Bf_l_u,MISSISSIPPIAN
605048.02505,5633343.9763,2260,139.1235998909988,0.6544294253149336,-0.756123090033604,Cb_Bf_l_u,MISSISSIPPIAN
604989.0166499994,5633412.154000001,2272,139.1235998851895,0.6544294253915982,-0.7561230899672503,Cb_Bf_l_u,MISSISSIPPIAN
604935.9373499997,5633479.578500001,2273,141.8958145603837,0.6170933588631723,-0.7868899455749627,Cb_Bf_l_u,MISSISSIPPIAN
604893.4291000005,5633534.4863,2260,142.5090744190302,0.6086357712703382,-0.7934497450564596,Cb_Bf_l_u,MISSISSIPPIAN
604841.0474500004,5633603.704049999,2261,143.2103046909256,0.5988795766625816,-0.8008390928622596,Cb_Bf_l_u,MISSISSIPPIAN
604786.2958999999,5633682.117949999,2262,146.82144169814518,0.5472500443298006,-0.8369691684769703,Cb_Bf_l_u,MISSISSIPPIAN
604732.1970000006,5633764.857350001,2249,146.8214416972112,0.5472500443434438,-0.8369691684680498,Cb_Bf_l_u,MISSISSIPPIAN
604679.5523009747,5633828.465363133,2254,136.80583500516937,0.6844728641759839,-0.7290383379539963,Cb_Bf_l_u,MISSISSIPPIAN
602987.6043500009,5637057.8253999995,2099,164.3578342232275,0.2696285695322667,-0.9629643993897092,Cb_Bf_u_B,MISSISSIPPIAN
602963.4510999998,5637148.400050001,2075,173.08866038447286,0.12033331668662817,-0.9927335457690526,Cb_Bf_u_B,MISSISSIPPIAN
603769.1742999994,5636569.228950001,1916,1.9525487344045744,0.03407180851512232,0.9994193873767453,Cb_Bf_u_B,MISSISSIPPIAN
603766.6390500006,5636480.037049999,1929,178.36356490026,-0.02855729755623996,0.9995921572102715,Cb_Bf_u_B,MISSISSIPPIAN
603778.7618499997,5636397.021750001,1934,158.40466040273475,-0.36804892403134887,0.9298064258324774,Cb_Bf_u_B,MISSISSIPPIAN
603816.1901499998,5636309.258749999,1927,153.43481564498046,-0.4472156744995625,0.8944261514970934,Cb_Bf_u_B,MISSISSIPPIAN
603859.7489500005,5636236.6607,1940,146.76805108610472,-0.5480297296188623,0.8364588546090457,Cb_Bf_u_B,MISSISSIPPIAN
603933.8221,5636176.87685,1973,127.30400400923855,-0.795431130537585,0.6060439889741498,Cb_Bf_u_B,MISSISSIPPIAN
604179.0975999997,5634852.147500001,2294,160.21027876871332,0.33856912233108916,-0.9409415228397331,Cb_Bf_u_B,MISSISSIPPIAN
604144.4963999996,5634941.031100001,2263,158.1062854111351,0.3728859956562433,-0.927877165493069,Cb_Bf_u_B,MISSISSIPPIAN
604105.92985,5635029.51585,2251,152.67615617615567,0.4590193156920618,-0.8884262872189178,Cb_Bf_u_B,MISSISSIPPIAN
604060.8142499998,5635116.836249999,2202,152.67615617615567,0.4590193156920618,-0.8884262872189178,Cb_Bf_u_B,MISSISSIPPIAN
604015.6986499995,5635204.15675,2203,152.67615617894919,0.4590193156487456,-0.888426287241298,Cb_Bf_u_B,MISSISSIPPIAN
603975.0946500001,5635284.49155,2175,153.24901526418796,0.45011378849484923,-0.8929712074903727,Cb_Bf_u_B,MISSISSIPPIAN
603935.0048499997,5635364.94285,2136,155.6885894277466,0.411695858279065,-0.9113213046318319,Cb_Bf_u_B,MISSISSIPPIAN
603895.0315000003,5635453.4276,2136,155.6889797854963,0.41168964941195113,-0.9113241095060883,Cb_Bf_u_B,MISSISSIPPIAN
603855.0581499999,5635541.9124,2070,155.6887109030241,0.4116939261461519,-0.9113221774841029,Cb_Bf_u_B,MISSISSIPPIAN
603815.5892499997,5635630.183699999,2066,157.97671064891873,0.3749834403106937,-0.927031509439003,Cb_Bf_u_B,MISSISSIPPIAN
603780.6610500006,5635716.534,1977,157.97671064569647,0.37498344036282877,-0.9270315094179143,Cb_Bf_u_B,MISSISSIPPIAN
603745.7328500003,5635802.88425,1977,157.9768259682572,0.37498157447162467,-0.9270322641671008,Cb_Bf_u_B,MISSISSIPPIAN
603704.0130499993,5635890.592800001,1942,153.183712798281,0.45113125364086565,-0.8924576135528347,Cb_Bf_u_B,MISSISSIPPIAN
603657.8341999997,5635967.49205,1924,143.92392722694856,0.5888588822266028,-0.8082358670727475,Cb_Bf_u_B,MISSISSIPPIAN
603616.5565499992,5636023.606749998,1904,141.9728465954104,0.6160348573250438,-0.7877188931087744,Cb_Bf_u_B,MISSISSIPPIAN
603557.2951999999,5636099.383649999,1910,141.97262957486572,0.6160378409816325,-0.7877165597336957,Cb_Bf_u_B,MISSISSIPPIAN
603500.6534000004,5636162.9356499985,1923,137.8156279290413,0.6715185033530323,-0.7409877864408451,Cb_Bf_u_B,MISSISSIPPIAN
603436.4000499991,5636223.332300001,1920,131.40323170662595,0.7500737678550151,-0.6613541734772534,Cb_Bf_u_B,MISSISSIPPIAN
603368.7024,5636283.17915,1935,132.1374511877857,0.7415374604639459,-0.6709114656410948,Cb_Bf_u_B,MISSISSIPPIAN
603300.786499999,5636344.6268500015,1948,132.13745119218314,0.7415374604124534,-0.670911465698008,Cb_Bf_u_B,MISSISSIPPIAN
603232.8401500001,5636409.001650001,1957,136.311357136554,0.6907390913720711,-0.7231040780209206,Cb_Bf_u_B,MISSISSIPPIAN
603170.7045213014,5636474.048782231,2007,136.31155809534306,0.6907365551579808,-0.7231065007096021,Cb_Bf_u_B,MISSISSIPPIAN
605165.3170999992,5633456.658300001,2286,140.54215174012458,0.635510374289842,-0.772092328785868,Cb_Bf_u_B,MISSISSIPPIAN
605104.3259499999,5633530.757199999,2276,140.54192126654914,0.635513480043643,-0.7720897724246956,Cb_Bf_u_B,MISSISSIPPIAN
605043.3615500006,5633605.09685,2273,141.56083510438754,0.6216833337835935,-0.7832686847408858,Cb_Bf_u_B,MISSISSIPPIAN
604982.6379000002,5633681.603250001,2281,141.56060536874912,0.6216864744066293,-0.7832661920061759,Cb_Bf_u_B,MISSISSIPPIAN
604921.9142499999,5633758.109749999,2278,141.56083510438754,0.6216833337835935,-0.7832686847408858,Cb_Bf_u_B,MISSISSIPPIAN
604861.1905500002,5633834.616149999,2276,141.56083510438754,0.6216833337835935,-0.7832686847408858,Cb_Bf_u_B,MISSISSIPPIAN
604802.5802000002,5633911.069049999,2274,143.51728307400447,0.5945802790476868,-0.8040362502820224,Cb_Bf_u_B,MISSISSIPPIAN
604746.0831000013,5633987.46855,2296,143.51728307066543,0.5945802790945435,-0.8040362502473721,Cb_Bf_u_B,MISSISSIPPIAN
604689.5860000002,5634063.86795,2314,143.51728307038323,0.5945802790985036,-0.8040362502444436,Cb_Bf_u_B,MISSISSIPPIAN
604633.6507499996,5634140.989700001,2298,144.57426063271686,0.579647299203254,-0.8148674791193801,Cb_Bf_u_B,MISSISSIPPIAN
604576.1104499998,5634218.1802,2296,140.39993664572833,0.6374248417361034,-0.7705125379497101,Cb_Bf_u_B,MISSISSIPPIAN
604513.5141999994,5634293.845899999,2310,140.40016141868378,0.6374218189888277,-0.770515038579374,Cb_Bf_u_B,MISSISSIPPIAN
604455.9738500002,5634370.74975,2327,143.5140405150223,0.5946257811846891,-0.8040025997162562,Cb_Bf_u_B,MISSISSIPPIAN
604399.1216282677,5634434.278513909,2318,135.46996417050812,0.70128307106173,-0.7128829176254883,Cb_Bf_u_B,MISSISSIPPIAN
